lemma_negativ;lemma_positiv
abbau;adaequat
abbauen;adaequate
abbauend;adaequatem
abbauender;adaequater
abberufen;alleinig
abberufend;alleinige
abberufendem;alleiniger
abberufenden;allianz
abberufender;anerkennen
abberufene;anerkennung
abberufener;anfuehren
abberuft;anfuehrend
abbrechen;anfuehrenden
abbrechend;anfuehrender
abbrechendem;angenehm
abbrechender;angenehmem
abbremsen;angesehen
abbremsend;angesehenem
abbremsenden;ankurbeln
abbremsung;anpassungsfaehigkeit
abbruch;ansehen
abbruech;ansprechend
abdanken;antreiben
abdankend;attraktiv
abdankendem;attraktivitaet
abdankender;aufbauend
abdankt;aufbauender
abdankung;aufbessern
abdankungen;aufbessernd
aberkannt;aufbessernde
aberkanntem;aufbesserndem
aberkannten;aufgeschlossen
aberkannter;aufgeschlossenem
aberkanntes;aufnahmefaehig
aberkennen;aufnahmefaehigen
aberkennend;aufnahmefaehiges
aberkennendem;aufregend
aberkennenden;aufregung
aberkennender;aufschlussreich
aberkennendes;aufschwuenge
aberkennung;aufschwung
abfuhr;aufwerten
abfuhren;aufwertung
abgebaun;aufwertungen
abgebaut;ausgepraegen
abgebauter;ausgepraegn
abgebremst;ausgepraegt
abgebremste;ausgepraegter
abgebremster;ausgepraegtes
abgebrochen;ausgezeichnet
abgedanken;ausgiebig
abgedankt;aussagekraeftig
abgedankter;aussagekraeftigen
abgekehrt;aussagekraeftiger
abgekehrtem;aussagekraeftiges
abgekehrter;ausschliesslichkeit
abgelehnen;aussergewoehnlich
abgelehnn;aussergewoehnlichen
abgelehnt;ausserordentlich
abgelehnter;ausstechend
abgelenkt;ausstechenden
abgelenkter;ausstechender
abgelenktes;ausstechendes
abgeneigen;auszeichnen
abgeneigt;auszeichnung
abgeneigtem;bahnbrechend
abgeneigter;bahnbrechendem
abgeneigtes;bedeutend
abgerissen;bedeutsam
abgerissenem;bedeutsamem
abgerissenes;beehrend
abgesagen;beehrendem
abgesagt;beehrender
abgesagter;beehrendes
abgeschaffen;beeindrucken
abgeschaffn;beeindruckend
abgeschafftem;beeindruckt
abgeschaffter;beeindrucktes
abgeschafftes;befaehig
abgeschrecken;befaehigen
abgeschreckt;befaehigend
abgeschreckten;befaehigendem
abgeschreckter;befaehigenden
abgeschrecktes;befaehigender
abgeschwaecht;befriedigen
abgeschwaechtem;befriedigend
abgeschwaechten;befriedigt
abgeschwaechter;befriedigter
abgestuerzt;begabt
abgestuerztes;begeisteren
abgestufen;begeistern
abgestuft;begeisternd
abgestufter;begeisterndem
abgetrennt;begeistert
abgetreten;begeisterung
abgewerten;beglueckwuenschend
abgewertet;beglueckwuenschendem
abgewertetem;beglueckwuenschenden
abgewerteter;beglueckwuenschender
abgewertetes;beglueckwuenscht
abgewichen;beglueckwuenschte
abgewichener;beglueckwuenschter
abgewichenes;beguenstigen
abgewickelen;beguenstigend
abgewickelt;beguenstigendem
abgewickelten;beguenstigender
abgewickelter;beguenstigendes
abgewiesen;beguenstigt
abgewiesenem;beguenstigtem
abgewiesenen;beguenstigten
abgewiesenes;beguenstigter
abgeworben;beherzen
abgeworbene;beherzt
abgeworbener;behilflich
abgeworbenes;behilflichen
abgezogen;behilflicher
abgezogenem;beispielhafn
abgezogener;beispielhaft
abgezogenes;beispiellos
abgruendig;beispiellosen
abgruendigen;beispielloses
abhaengigkeit;bejubeln
abkehren;bejubelt
ablehnen;bejubeltem
ablehnend;bejubelter
ablehnendem;bejuble
ablehnung;bejublen
ablehnunge;belieben
ablenken;beliebt
ablenkend;beliebtem
ablenkendem;beliebtheit
ablenkung;belohnen
abneigung;belohnend
abnorm;belohnendem
abnormal;belohnenden
abnormale;belohnendes
abnormalem;belohnn
abnormaler;belohnt
abreissen;belohnter
abreissend;belohnung
abreissende;bemerkenswert
abreissendem;bereichernd
abreissenden;besonderheit
abreisst;besserem
abreißen;besseres
abriss;bessern
abrisse;best
abrupt;bestaendig
abruptheit;bestaendigen
absage;bestaendiger
absagen;bestaendigkeit
absagend;bestaerke
absagendem;bestaerken
absatzrueckgang;bestaerkend
abschaffen;bestaerkendem
abschaffend;bestaerkenden
abschaffendem;bestaerkender
abschaffendes;bestaerkt
abschalten;bestaerktem
abschaltend;bestaerkten
abschaltendem;bestaerkter
abschaltenden;bestechend
abschaltung;bestechende
abschaltunge;bestechendem
abschrecken;bestes
abschreckend;betraechtlich
abschreckendem;betraechtlicher
abschreckung;bevorteilen
abschreckungen;bevorteiln
abschwaechen;bevorteilt
abschwaechend;bevorteilte
abschwaechendem;bevorteiltem
abschwaechenden;bevorteilter
abschwaechender;bevorzugen
abschwueng;bevorzugt
abschwung;bevorzugten
absteigend;bevorzugtes
abstossen;bewanderen
abstossend;bewandern
abstossende;bewandert
abstossendem;bewandertem
abstossender;bewanderter
abstreiten;bezeichnend
abstreitend;bezeichnendem
abstreitendem;blueh
abstufend;bluehen
abstufenden;bluehend
abstufender;bluehende
abstufung;bluehendem
abstufunge;bluehenden
abtraeglich;bonifizier
abtraeglichen;bonifiziere
abtraegliches;bonifizieren
abtrennen;bonifiziern
abtreten;bonifiziert
abtretend;bonifizierte
abtretendem;bonifizierter
abtretender;boom
abtretendes;boome
abtretung;boomen
abtretunge;boomend
abtritt;boomendem
abtruennig;brillant
abtruennigem;brillante
abtruenniger;brillantes
abtruennigkeit;buendnis
abwaert;buendnisse
abwaertswend;charakteristisch
abwaertswende;dauerhaft
abwehrend;dienlich
abwehrendem;durchbruch
abwehrender;durchbrueche
abweichen;dynamisch
abweichend;ebnen
abweichler;effektiv
abweichung;effizient
abweisen;effizienz
abweisend;ehrbar
abweisendem;ehrbare
abweisung;ehrbarem
abwendung;ehre
abwerben;ehren
abwerten;ehrend
abwertend;ehrendem
abwertendem;ehrenhaft
abwertungen;ehrenhaftem
abwesenhein;ehrenwert
abwesenheit;ehrenwertem
abwichen;eifer
abwickeln;eifrig
abwickelnd;eindrucksvoll
abwickelndem;eindrucksvoller
abwickelnder;einfallsreich
abwickelndes;einfallsreichem
abwickelung;einfallsreichtum
abwickler;einflussreich
abwicklungen;eingebung
abziehen;einhalten
achtlos;einkuenfen
achtlose;einkunft
achtlosem;einnahme
achtlosen;einnehmend
achtloser;einnehmendem
achtloses;einpraegend
achtlosigkeit;einpraegende
achtung;einpraegendem
aengste;einpraegender
aergernis;einsatzfreudig
aergernisse;einsatzfreudigen
affaer;eintraeglich
affaere;eintraegliche
ahnungslos;einwandfrei
ahnungslosem;einwandfreie
ahnungsloses;einwandfreiem
akut;einwandfreies
alarmieren;einzigartig
alarmierend;engagieren
alarmierendem;engagiert
alarmiert;enorm
alarmierter;enthusiasmus
alarmiertes;enthusiastisch
albern;entlohne
albernem;entlohnen
altersschwach;entlohnn
altersschwacher;entlohnt
altmodisch;entlohntes
amtsmissbrauch;entschlossenheit
andauern;entzueckend
andauernd;entzueckende
androhen;entzueckendem
androhend;entzueckender
androhende;erfanden
anfaellig;erfinden
anfaelligkeit;erfindend
anfechten;erfindende
anfechtend;erfindendem
anfechtende;erfindendes
anfechtender;erfinder
anfechtendes;erfinderin
angeblich;erfinderinn
angedaueren;erfinderisch
angedauert;erfindung
angedauertem;erfindungsgabe
angedroht;erfolg
angedrohtem;erfolgen
angedrohter;erfolgreich
angefechten;erfreue
angefechtet;erfreuen
angefechtetem;erfreuend
angefechteter;erfreulich
angegriffen;erfreut
angegriffenem;erfreutem
angehalten;erhoffen
angehaltener;erhofft
angehaltenes;erhofftem
angeklagen;erhofftes
angeklagt;erkenntnisreich
angeklagtem;erkenntnisreicher
angeklagter;erlangen
angeklagtes;erlangend
angespannt;erlangende
angestaubt;erlangendem
angestaubter;erlangn
angestaubtes;erlangt
angezweifeln;erlangtem
angezweifelt;ermoeglich
angezweifelten;ermoeglichend
angezweifelter;ermoeglichende
angezweifeltes;ermoeglichenden
angreifbar;ermoeglicht
angreifbarem;ermoeglichte
angreifbaren;ermoeglichter
angreifen;ermutigen
angreifend;ermutigend
angreifendem;ermutigendem
angreifer;ermutigt
angriff;ermutigtem
angst;ermutigter
anhalten;ermutigung
anhaltend;erreichen
anklage;erreichend
anklagen;erreicht
anklagend;erringe
anklagendem;erringen
anklagender;erringend
anklageschrift;erringende
annulliere;erringendem
annullieren;erringendes
annullierend;errungen
annullierendem;errungenem
annullierender;errungener
annullierendes;errungenschaft
annulliern;erstarken
annulliert;erstklassig
annullierter;erstrebenswert
annullierung;ertrag
anomal;erwuenscht
anomale;erwuenschte
anomaler;erwuenschter
anomales;erwuenschtes
anomali;erzielen
anomalie;erzielend
anormal;erzielenden
anormaler;erzielt
anruechig;erzielung
anschuldigung;exemplarisch
anspannung;exklusiv
anspruech;exklusivem
anstoessig;exklusivitaet
anstoessige;exzellent
anstoessiger;exzellenz
anstoss;faehig
anstrengend;faehiger
anstrengenden;faehiges
anzweifeln;fantastisch
anzweifelnd;favorisieren
anzweifelndem;favorit
anzweifelnden;fehlerfrei
anzweifelnder;fehlerfreiem
appell;feiern
arbeitsausfall;fertigkeit
arbeitslos;festig
arbeitslose;festigen
arbeitslosem;festigend
arbeitsloses;festigendem
arbeitslosigkeit;festigenden
arbeitsniederlegung;festigender
arbeitsunfaehig;fleissig
arbeitsunfaehigen;flexibilitaet
arglistig;flori
arglos;florieren
arglose;florierend
arglosem;florierendem
argloses;floriertee
argwoehnisch;florierteem
argwoehnischen;florierteen
argwoehnisches;florierteer
argwohn;foerderlich
arm;foerderlichem
arme;foerderlicher
armem;foerdern
aufbauschen;fortgeschritten
aufbauschend;fortschreitend
aufbauschendem;fortschreitendem
aufbauschender;fortschreitendes
aufbauscht;fortschritt
aufbendem;freude
aufbringen;freuen
aufdecken;freundlich
aufdringlich;fuehrend
aufdringliche;fuehrende
auferlegen;fuehrendem
auferlegt;fuehrender
auffaellig;fuehrendes
auffaelligem;fuehrung
auffaelligen;fuehrungsetage
auffaelliger;gebessert
aufforderung;gedeihe
aufgebauscht;gedeihen
aufgebauschtem;gedeihend
aufgebauschter;gedeihende
aufgeben;gedeihendem
aufgebend;gedeihendes
aufgebende;gefaellig
aufgebender;gefaelliger
aufgebracht;gefeiert
aufgebrachtem;gegluecken
aufgebrachten;geglueckt
aufgedecken;geglueckten
aufgedeckt;geglueckter
aufgedecktem;gelangen
aufgedecktes;gelegenheit
aufgegeben;gelegenheite
aufgegebenem;geleisteen
aufgegebener;geleistet
aufgegebenes;geleistetem
aufgehoben;gelingen
aufgehobenem;geloben
aufgehobenen;gelobt
aufgehobener;gelobtem
aufgehobenes;geltung
aufgekuendigen;gemeinnuetzig
aufgekuendigt;gemeinnuetzige
aufgekuendigter;gemeinschaftlich
aufgekuendigtes;genialitaet
aufgeloest;geniessbar
aufgeloeste;geniessbare
aufgeloester;geniessbarem
aufgezwungen;geniessbaren
aufgezwungener;geniessbarer
aufgezwungenes;geniessen
aufhalten;geniessend
aufheben;geniessende
aufhetzend;geniessendem
aufhetzendem;genießen
aufhoeren;genossen
aufhoerend;genossenem
aufhoerenden;genossenen
aufhoerender;genossenes
aufkuendigen;genuegend
aufkuendigend;genuegende
aufkuendigende;genuegender
aufkuendigender;genuegendes
aufkuendigung;genuss
aufloese;geschickt
aufloesend;gestaerkt
aufloesendem;gestaerkte
aufloesenden;gestaerkten
aufloesung;gestaltend
aufloesungen;gestaltendem
aufreibend;gestuetzt
aufreibender;gestuetzten
aufruf;gestuetzter
aufrufen;gestuetztes
aufruhr;gewaltig
aufschiebend;gewinnbringend
aufschiebendem;gewinnen
aufschiebenden;gewinnend
aufschiebunge;gewinnendem
aufschub;gewinner
aufstaend;gewinnerin
aufstand;gewinnerinn
aufwendig;gewissenhaft
aufzwingen;gewissenhaften
aufzwingend;gewollt
aufzwingender;gewonnen
ausbeuten;gewuenscht
ausbeutend;gewuenschte
ausbeutende;gewuenschtem
ausbeutender;glueck
ausbeuterisch;gluecklich
ausbeutung;glueckliche
ausbleibend;gluecklichst
ausbleibenden;gluecklichstem
ausbleibender;gluecklichsten
ausfaellen;gluecklichster
ausfall;gratis
ausfallzeit;groes
ausflucht;groess
ausfluecht;groesse
ausgebeuten;groesser
ausgebeutet;groesserer
ausgebeuteter;groesseres
ausgebeutetes;groesst
ausgelassen;groesstem
ausgemustert;groessten
ausgemustertem;groesster
ausgenutzt;gross
ausgenutztem;grossartig
ausgeschlossen;grossartigen
ausgeschlossenem;grossartiger
ausgesetzen;grossartigere
ausgesetzt;grossartigerer
ausgesetzten;grossartigsen
ausgestossen;grossartigst
ausgestossene;grossartigsten
ausgestossenem;grossartigster
ausgestossener;grossartigstes
ausgetreten;grosszuegig
ausgetretenem;grosszuegiger
ausgetretenes;grosszuegiges
ausgeuferen;groß
ausgeufert;gut
ausgeufertes;haeufig
auslaesst;haeufigkeit
auslassen;haltbarkeit
auslassend;herausragen
auslassendem;herausragend
auslassenden;hervorragen
auslassender;hervorragend
auslassung;hervorstechen
ausmustern;hervorstechend
ausnutzen;hervorstechendem
ausnutzend;hervortun
ausnutzendem;hochwertig
ausnutzung;hoech
ausnutzungen;hoechst
ausrede;hoechster
ausreden;hoeflich
ausrutsch;hoefliche
ausschlagend;honoriere
ausschlagenden;honorieren
ausschlagender;honorierend
ausschlagung;honorierende
ausschliessen;honorierender
ausschliessend;honoriert
ausschliessende;honoriertem
ausschliessendem;honorierter
ausschliessender;ideal
ausschliesst;ideenreichtum
ausschliessung;ideenreichtun
ausschließen;imponierend
ausschluesse;imponierender
ausschluss;imponierendes
aussenseiter;imposanen
ausserkraftsetzung;imposant
ausserplanmaessig;informativ
ausserplanmaessige;innovation
ausserplanmaessiger;innovationsfreudig
ausserstand;innovationsfreudigen
aussetzen;innovationskraft
aussetzend;innovativ
aussetzende;innovator
aussetzendem;innovatoren
aussetzer;inspiration
aussetzung;inspirieren
aussetzungen;inspirierend
aussortieren;inspirierendem
aussortiern;inspiriert
aussortiert;integritaet
aussortiertem;interessant
aussortierter;invention
aussortiertes;inventionen
ausstossen;karitativ
austreten;karitativem
austretend;klaeren
austretendem;kollaboration
austritt;kollegial
ausufern;kompetent
ausufernd;kompliment
ausverkaeufe;komplimentier
ausverkauf;komplimentieren
bankrotn;komplimentiern
bankrott;konstruktiv
bankrotte;kostbar
bankrottes;kostbarem
barriere;kraefte
barrieren;kraeftig
barsch;kraeftigen
barschen;kraeftiger
beanstanden;kraeftigere
beanstandend;kraeftigerem
beanstandende;kraeftigeren
beanstandendem;kraeftigerer
beanstandet;kraeftigsen
beanstandetem;kraeftigst
beanstandeter;kraeftigstem
beanstandetes;kraeftigsten
beanstandung;kraeftigster
beanstandunge;kraeftigung
bedaechtig;kraft
bedauerlich;kreativ
bedauerlicherweise;kreativitaet
bedauernswern;kursanstieg
bedauernswert;kursanstiege
bedauernswertem;lebhaft
bedenken;leisten
bedenklich;leistungsfaehig
bedrohen;leistungsfaehiger
bedrohend;leistungsfaehigkeit
bedrohendem;leiten
bedrohender;leitend
bedroht;leitung
bedrohung;liebling
bedruecke;lieblinge
bedruecken;lo
bedrueckend;lob
bedrueckende;loben
bedrueckendem;lobend
bedrueckn;lobender
bedrueckte;lobendes
bedruecktem;lobensweren
bedrueckter;lobenswert
bedruecktes;lobn
beeinflussen;loese
beeinflussend;loesen
beeinflussendem;loesend
beeinflussender;loesende
beeinflussn;loesendem
beeinflusst;loesender
beeinflussung;loest
beeinflussungen;lohn
beeintraechtigen;lohnend
beeintraechtigend;lohnendem
beeintraechtigende;loyal
beeintraechtigendem;loyalem
beeintraechtigenden;lukrativ
beeintraechtigender;lukrativem
beeintraechtign;maechte
beeintraechtigt;markant
beeintraechtigter;markanten
beenden;massenhaft
beendigend;massenhaftem
beendigendem;massgebend
beendigenden;massgebendem
beendigung;massgebendes
beendigungen;mitarbeit
befangen;mitarbeiten
befangene;mitarbeitend
befangenem;mitarbeitendem
befangenheit;mitarbeitender
befangenheiten;mitarbeitendes
befragung;mitgearbeitet
befristung;mitgearbeitete
befristungen;mitgearbeitetem
befuerchn;mitgearbeiteten
befuerchten;moeglichkeit
befuerchtet;muehelos
befuerchteter;muehelose
befuerchtetes;muehelosem
befuerchtung;mueheloser
befuerchtungen;mueheloses
begangen;mustergueltig
begangene;mustergueltigen
begangenen;nachbesseren
begangener;nachbessern
begehen;namhafen
begehend;namhaft
begehendem;namhaftem
begehenden;nett
begehender;nettes
begehendes;neuartig
begingen;neuerung
begrenze;neuheit
begrenzen;oberer
begrenzend;oberst
begrenzendem;oberstem
begrenzender;oberster
begrenzt;oberstes
begrenzung;obwohl
behaebigkeit;optimal
beharren;optimalem
beharrend;optimales
beharrendem;optimistisch
beharrender;originalitaet
beharrlich;originell
beharrt;perfekt
beharrter;perfekte
behauptung;perfektionieren
behauptunge;perfektioniert
behinderen;perfektionierter
behindern;phantastisch
behindernd;polsternd
behinderndem;polsternde
behindernder;polsternder
behindert;popula
behindertem;populaer
behinderung;populaere
beirren;populaerem
bekaempfe;popularitaet
bekaempfen;positiv
bekaempfend;praege
bekaempfendem;praegt
bekaempfenden;praemi
bekaempfn;praemiere
bekaempft;praemiert
bekaempfte;praemierte
bekaempfter;praemiertem
beklagenswern;praemierten
beklagenswert;praemierter
beklagenswertem;premier
beklagenswerter;premiere
bekuemmeren;prestig
bekuemmern;prestigetraechtig
bekuemmert;prestigetraechtige
bekuemmertem;prestigetraechtigen
bekuemmerter;prestigetraechtiger
belaestig;proaktiv
belaestigen;proaktivem
belaestigend;probat
belaestigendem;probater
belaestigenden;problemlos
belaestigendes;problemlosem
belaestigt;produktivitaet
belaestigtem;profilieren
belaestigter;profiliert
belaestigtes;profitabel
belaestigung;profitabilitaet
belasten;profitabl
belastend;profitablem
belastendem;profitables
belastet;profitieren
belastung;profitierend
beleidig;profitierenden
beleidigen;progressiv
beleidigend;progressivem
beleidigendem;raffinesse
beleidign;reibungslos
beleidigt;reibungsloses
beleidigtem;reichlich
beleidigter;reichtum
beleidigung;renommieren
bemaengeln;renommiert
bemaengelt;rentabel
bemaengelte;rentabilitaet
bemaengelten;rentabl
bemaengelter;rentablem
bemaengeltes;resonanz
benachteiligen;revolutioni
benachteiligend;revolutionieren
benachteiligendem;revolutionierend
benachteiligenden;revolutionierende
benachteilign;revolutionierenden
benachteiligt;revolutioniert
benachteiligtem;revolutioniertem
benachteiligtes;revolutionierter
benachteiligung;richtigkeit
berichtigen;richtunggebend
berichtigend;richtunggebende
berichtigende;richtunggebendem
berichtigendem;richtunggebenden
berichtigender;richtunggebender
berichtign;richtunggebendes
berichtigt;schaffenskraft
berichtigter;schicken
berichtigtes;schlaegen
berichtigung;schlagen
beschaedigen;schluessig
beschaedign;schluessigem
beschaedigt;schluessiger
beschaedigte;schmeichelhaft
beschaedigtem;schmeichelhaftes
beschaedigter;schoen
beschaeftigungslos;schoene
beschaeftigungslose;schoenem
beschaeftigungslosem;schoepferisch
beschaeftigungslosen;schoepferischen
beschaeftigungsloser;schoepferischer
beschaeftigungsloses;schub
beschaeme;schwaerme
beschaemen;schwaermen
beschaemend;schwaermt
beschaemendem;schwingung
beschaemt;seriositaet
beschaemtem;sieg
beschaemten;sieger
beschaemter;siegerin
beschaemung;siegerinn
beschimpfen;simpel
beschimpft;simpl
beschimpftem;sorgfaeltig
beschimpfter;sorgfaeltige
beschlagnahme;sorgfaeltigem
beschlagnahmen;sorgfaeltiger
beschlagnahmend;sorgfaeltiges
beschlagnahmendem;sorgsam
beschlagnahmenden;sorgsamem
beschlagnahmender;souveraen
beschlagnahmt;souveraenem
beschlagnahmter;souveraener
beschlagnahmung;spannend
beschneide;spannung
beschneiden;spektakula
beschneidend;spektakulaer
beschneidendem;spektakulaere
beschneidender;spektakulaerem
beschnitt;spektakulaerer
beschnitten;spektakulaern
beschnittenem;stabil
beschnittenes;stabilisation
beschuldigen;stabilisieren
beschuldigend;stabilisierend
beschuldigende;stabilisierendem
beschuldigendem;stabilisiert
beschuldigenden;stabilisiertem
beschuldigender;stabilisierung
beschuldigt;stabilisierungen
beschuldigter;stabilitaet
beschuldigung;staerk
beschuldigunge;staerke
beschwerde;staerkend
beschweren;staerkende
beschwerend;staerkendem
beschwerende;staerkenden
beschwerendem;staerker
beschwerenden;staerkerem
beschwerlich;staerkerer
beschwern;staerkeres
beschwert;staerkst
beschwerter;staerkste
beschwerung;staerkstem
beschwerungen;staerkster
beschwichtigend;staerkt
beschwichtigendem;staerkung
beschwichtigender;stark
beschwichtigendes;steigen
beseitig;steigern
beseitigen;steigerung
beseitigend;stetigkeit
beseitigendem;stuetze
beseitigender;stuetzen
beseitigendes;stuetzend
beseitign;stuetzende
beseitigt;stuetzendem
beseitigter;stuetzenden
beseitigtes;stuetzender
beseitigung;stuetzt
beseitigungen;sympathisch
besorgen;talentieren
besorglich;talentiert
besorglichen;talentierter
besorgniserregend;toll
besorgniserregendem;traeume
besorgt;traeumen
besorgtem;traeumt
bestach;transparenz
bestachen;traum
bestech;treu
bestechen;treuem
bestechlich;triumph
bestechlichkeit;tuechtig
bestechung;tuechtige
bestichen;tuechtiger
bestochen;ueberaus
bestochene;ueberbieen
bestochener;ueberbien
bestrafe;ueberbietend
bestrafen;ueberbietenden
bestrafend;ueberbietet
bestrafendem;ueberbon
bestrafenden;ueberbot
bestrafender;ueberboten
bestrafn;ueberbotenen
bestraft;ueberbotener
bestrafter;ueberfluss
bestrafung;ueberlegen
bestreiten;ueberlegene
bestreitend;ueberlegenem
bestreitende;ueberlegener
bestreitendem;ueberlegenheit
bestreitenden;ueberrag
bestreitender;ueberrage
bestreitung;ueberragend
bestritten;ueberragendem
bestrittene;ueberragender
bestrittenem;ueberragt
bestrittener;ueberschuessig
bestuerzen;ueberschuessiger
bestuerzt;uebersteig
bestuerzter;uebersteigen
betragen;uebersteigend
betreffen;uebersteigenden
betriebsunsich;uebersteigender
betriebsunsicherem;ueberstieg
betriebsunsicheren;ueberstiegen
betriebsunsicherer;ueberstiegenen
betriebsunsicheres;uebertraf
betrog;uebertreffe
betrogen;uebertreffen
betrogenem;uebertreffend
betrogener;uebertreffenden
betrogenes;uebertreffender
betruege;uebertrifft
betruegen;uebertroffe
betruegend;uebertroffen
betruegendem;ueberzeugen
betruegenden;ueberzeugend
betrueger;ueberzeugenden
betruegerei;ueberzeugender
betruegerisch;ueberzeugenderem
betruegerischen;ueberzeugenderen
betruegerischer;ueberzeugenderes
betrugsfaelle;ueberzeugendes
betrügen;ueberzeugendst
beunruhig;ueberzeugendste
beunruhigen;ueberzeugendstem
beunruhigend;ueberzeugt
beunruhigendem;ueberzeugtem
beunruhign;umdrehen
beunruhigt;umgewaelzen
beunruhigter;umgewaelzt
beunruhigtes;umgewaelzter
beunruhigung;umgewaelztes
bewaeltig;umsatztraechtig
bewaeltigen;unerreicht
bewaeltigend;unerreichtes
bewaeltigendem;ungemein
bewaeltigendes;ungemeines
bewaeltigt;unglaublich
bewaeltigtem;unterstuetzung
bewaeltigten;unuebertroffen
bezweifeln;unuebertroffenem
bezweifelt;unuebertroffenen
bezweifeltem;unuebertroffener
bezweifelter;unvergleichlich
bezweifl;unverwechselbar
bezweifle;unverwechselbarkeit
billigen;verbesseren
bitt;verbessern
bitter;verbessernd
bitterem;verbesserndem
blamage;verbessernden
blamieren;verbessert
blamierend;verbesserung
blamierende;verdienstvoll
blamierendem;verdienstvolleer
blamierenden;vergnuege
blamierender;verlaesslich
blamiern;verlaesslichen
blamiert;verlaesslicher
blamierter;verlaesslichkeit
blamiertes;verstaerke
blockade;verstaerken
blockieren;verstaerkend
blockierend;verstaerkendes
blockierendem;verstaerkn
blockierendes;verstaerkt
blockiern;verstaerkung
blockiert;verwirklichung
blockiertem;verwirklichungen
blossgelegen;vielfaeltig
blossgelegtem;vielfaeltiges
blossgelegten;vielseitig
blossgelegter;vielseitigkeit
blossgelegtes;vielversprechend
blossgestellt;vielversprechendem
blossgestellte;vielzahl
blossgestelltem;vollbrachn
blossgestellter;vollbracht
blossgestelltes;vollbrachtem
blossleg;vollbrachtes
blosslegend;vollbringen
blosslegende;vollbringend
blosslegendem;vollbringendem
blosslegenden;vollenden
blossstellen;vollendet
blossstellend;vollkommen
blossstellende;vorankommen
blossstellendem;vorbildlich
blossstellenden;vorrang
bodenlos;vorspruenge
bodenlosem;vorsprung
bodenloser;vorteil
bodenloses;vorteilhaft
boesartig;vorteilhaftem
boesartige;vortrefflichkeit
boesartigem;waechst
boesartiger;wegbereiter
boesartigkeit;weiterentwickeln
boeswillig;weiterkomme
boeswilligem;weiterkommen
boeswilliger;weiterverfolgen
bombardieren;weiterverfolgend
bombardiern;weiterverfolgende
boshaft;weiterverfolgendem
boshaftem;weiterverfolgenden
boshaftes;weiterverfolgender
bosheit;weiterverfolgt
boykott;weiterverfolgtem
boykotte;weiterverfolgter
boykottieren;wenden
boykottierend;wertvoll
boykottierende;wiedererlangen
boykottierendem;wiedererlangt
boykottierenden;wiedererlangtem
boykottiern;wiedererlangter
boykottiert;wiedergewinnen
boykottierter;wiedergewinnend
brechen;wiedergewinnende
brechend;wiedergewinnendem
brechendem;wiedergewinnender
brechender;wiedergewinnendes
brechendes;wiedergewonnen
bremse;wiedergewonnenem
bremsen;wiedergewonnenen
bremsend;wiedergewonnener
bremsendem;wiedergewonnenes
bremsendes;wohlhabend
brotlos;wohlhabendem
brotlose;wohlstand
brotlosem;wohltaetig
brotlosen;wohltaetiger
brotloser;wohlwollend
bruch;wohlwollendem
bruech;wollen
bruechig;wuenschen
bruechigen;wuenschensweren
bruechiger;wuenschenswern
bruechiges;wuenschenswert
brutal;wuerdig
budgetkuerzungen;zufrieden
bummeln;zufriedenheit
bummelnd;zufriedenstellen
bummelnde;zufriedenstellend
bummelndem;zufriedenstellendem
bussgeld;zugedachen
chaos;zugedacht
cyberattacke;zugedenken
cyberattacken;zugejubelen
cybermobbing;zugejubelt
defekt;zugejubelte
defensiv;zugejubelter
defensivem;zugejubeltes
defizit;zugutekommen
defizitaer;zugutekommend
defizitaerem;zugutekommende
defizitaeren;zugutekommenden
defizitaerer;zugutekommene
defizitaeres;zugutekommenem
defizitaern;zugutekommenes
degenerativ;zujubeln
degenerativem;zulegen
degeneratives;zurueckgewinn
dementiere;zurueckgewinnend
dementieren;zurueckgewinnender
dementierend;zurueckgewonn
dementierende;zurueckgewonnen
dementierendem;zurueckgewonnenem
dementierenden;zurueckgewonnener
dementiert;zurueckgewonnenes
dementiertem;zusammenarbeit
dementierter;zusammenarbeiten
demonstrant;zusammenarbeitend
demonstrantin;zusammenarbeitender
demotivieren;zusammengearbeiten
demotivierend;zusammengearbeitet
demotivierendem;zusammengearbeitetem
demotivierender;zusammengearbeiteten
demotiviern;zusammengearbeiteter
demotiviert;zusammengearbeitetes
demotivierte;zusichernd
demotiviertem;zusichernde
deplatzieren;zusichernden
deplatziert;zuspruch
deplatziertem;zutraeglich
deplaziert;zutraeglichen
deplazierte;zuverlaessig
deplazierten;zuverlaessigen
deplazierter;zuverlaessiger
deplaziertes;zuverlaessigkeit
derb;zuversichtlich
derbe;zuvorkommend
derbem;zuwachs
derbes;zuwuechse
desaster;
desinteressiert;
desinteressierte;
desinteressiertem;
desinteressierter;
desinteressiertes;
destabilisieren;
destabilisierend;
destabilisierende;
destabilisierendem;
destabilisiern;
destabilisiert;
destabilisierter;
dezimier;
dezimieren;
dezimierend;
dezimierendem;
dezimierenden;
dezimierender;
dezimiern;
dezimiert;
dezimiertem;
dezimierter;
dienstvergeh;
diskreditiere;
diskreditieren;
diskreditierend;
diskreditierenden;
diskreditierender;
diskreditiertem;
diskreditierter;
diskreditiertes;
diskrepanz;
disproportion;
disqualifizieren;
disqualifiziert;
disqualifizierte;
disqualifizierter;
disqualifiziertes;
dissident;
distanzieren;
distanziern;
distanziert;
distanziertem;
disziplinarisch;
downgegraden;
downgegradet;
downgegradeter;
downgegradetes;
downgrad;
downgrade;
downgraded;
downgrading;
downsiz;
downsize;
downsized;
downsizing;
downtime;
downtimes;
downturn;
downturns;
draengend;
draengende;
draengendem;
draengender;
drastisch;
draufgaengerisch;
draufgaengerischem;
draufgaengerischer;
dringend;
dringendem;
dringlich;
dringlichem;
dringlichkeit;
drohen;
drohend;
drohung;
druck;
drueckend;
duerftig;
duerftiger;
duerre;
duerren;
duerrezeit;
duest;
duester;
duesterer;
dulden;
duldend;
duldende;
duldenden;
duldender;
duldung;
dummheit;
durchdrehen;
durchgetrennt;
durchgetrennte;
durchgetrenntem;
durchgetrennten;
durchgetrennter;
durchhaltewillen;
durchleiden;
durchleidend;
durchleidende;
durchleidendem;
durchleidender;
durchlitten;
durchlittene;
durchlittenem;
durchlittener;
durchtrennen;
dysfunktion;
dysfunktional;
dysfunktionalem;
dysfunktionaler;
dysfunktionales;
ehrlos;
ehrlosen;
ehrloser;
ehrlosigkeit;
eidbruch;
eigenmaechtig;
eigenmaechtigen;
eigensinnig;
eilen;
eilig;
eiliges;
einbuesse;
einbuessend;
einbuessende;
einbuesst;
einbusse;
eindringen;
eingebuesst;
eingebuesste;
eingebuesstem;
eingebuessten;
eingebuesster;
eingebuesstes;
eingegriffen;
eingegriffene;
eingegriffenem;
eingegriffener;
eingemottet;
eingemotteter;
eingestellt;
eingewandn;
eingewandte;
eingewandtem;
eingewandter;
eingewandtes;
eingewenden;
eingezogen;
eingreifen;
eingreifend;
eingreifendem;
eingreifender;
eingriffe;
einmischen;
einmischung;
einmotten;
einmottend;
einmottendem;
einmottenden;
einmottender;
einreden;
einschneidend;
einschneidendem;
einschraenkung;
einschuechterung;
einspruch;
einsprueche;
einstellen;
einstellend;
einstellender;
einstellung;
einteigne;
einwaend;
einwand;
einwendend;
einwendendem;
einwendenden;
einwendung;
einzelwertberichtigung;
einzelwertberichtigunge;
einziehen;
einziehend;
einziehendem;
einziehendes;
elend;
elendem;
elendig;
elendiger;
embargo;
empfindlich;
empfindlichkeit;
empoerend;
empoerende;
empoerendem;
empoerenden;
empoerung;
enden;
endend;
endendem;
endig;
endigen;
energielos;
energielose;
energieloser;
energieloses;
engpaes;
engpass;
entbehrlich;
entehren;
entehrend;
entehrendem;
entehrender;
entehrt;
entehrter;
entehrung;
enteigne;
enteigneen;
enteignen;
enteignend;
enteignendem;
enteignenden;
enteignet;
enteigneter;
enteignetes;
enteignung;
entgangen;
entgegen;
entgegengesetzt;
entgegengesetztem;
entgegengetreten;
entgegengetretene;
entgegengetretenem;
entgegengetretener;
entgegensetzen;
entgegensetzend;
entgegensetzendem;
entgegensetzenden;
entgegensetzendes;
entgegentreiten;
entgegentreten;
entgegentretend;
entgegentretende;
entgegentretendem;
entgegentretender;
entgegentretendes;
entgegnung;
entgehen;
entgehend;
entgehendem;
entgehender;
entgehendes;
entging;
entgingen;
entgleisung;
entgleisunge;
enthuelle;
enthuellend;
enthuellendem;
enthuellenden;
enthuelln;
enthuellt;
enthuelltem;
enthuellter;
enthuelltes;
enthuellung;
enthuellungsbericht;
entkraeft;
entkraefteen;
entkraeften;
entkraeftend;
entkraeftenden;
entkraeftender;
entkraeftet;
entkraeftetem;
entkraefteter;
entkraeftung;
entlaesst;
entlassen;
entlassend;
entlassende;
entlassendem;
entlassender;
entlassenen;
entlassenes;
entlassung;
entliess;
entliessen;
entmutigung;
entsagung;
entsagungen;
entschaedig;
entschaedigend;
entschaedigende;
entschaedigt;
entschaedigte;
entschaedigtem;
entschaedigung;
entschuldigen;
entschuldigend;
entschuldigendem;
entschuldign;
entschuldigt;
entschuldigung;
entschuldigungen;
entsorgen;
entstelle;
entstellen;
entstelln;
entstellt;
entstellter;
entstellung;
entstellungen;
enttaeusch;
enttaeuschen;
enttaeuschend;
enttaeuschende;
enttaeuschendem;
enttaeuschn;
enttaeuscht;
enttaeuschtem;
enttaeuschung;
enttaeuschunge;
entwenden;
entwendetem;
entwendeter;
entwendetes;
entwerten;
entwertend;
entwertende;
entwertendem;
entwertet;
entwerteter;
entziehen;
entziehend;
entziehendem;
entziehenden;
entzogen;
entzogenem;
entzuege;
entzug;
erbittern;
erbitternd;
erbitterndem;
erbitternder;
erbittert;
erbitterung;
erdulde;
erdulden;
erduldend;
erduldendem;
erduldet;
erduldete;
erduldeter;
erfinden;
erfolglos;
erfolglosem;
erfunden;
ergebnislos;
ergebnislose;
ergebnislosem;
ergebnislosen;
ergebnisloser;
ergebnisrueckgang;
ergreifen;
erleiden;
erleidend;
erleidenden;
erleidender;
erlischen;
erlitten;
erlittenem;
erloesche;
erloeschen;
erloeschend;
erloeschendem;
erloeschenden;
erloescht;
erloesschmaelerungen;
erloschen;
erloschene;
erloschenem;
ermahnen;
ermahntem;
ermahnter;
ermittlung;
ermued;
ern;
ernst;
ernsthaft;
ernsthaftigkeit;
ernstzunehmend;
ernstzunehmendem;
erosion;
erpresser;
erpresserisch;
erpresserische;
erpresserisches;
ersatz;
erschoepfe;
erschoepfen;
erschoepfend;
erschoepfende;
erschoepfender;
erschoepft;
erschuettert;
erschuetterte;
erschuettertem;
erschuetterter;
erschuettertes;
erschwer;
erschweren;
erschwerend;
erschwerendem;
erschwerender;
erschwernis;
erschwernisse;
erschwert;
erschwertem;
erschwertes;
erschwerung;
erschwerunge;
erstattung;
ertraegen;
ertragen;
ertraglos;
ertraglose;
ertraglosem;
ertragloses;
ertrugen;
erwerbslos;
erwerbslosen;
erwerbsloser;
erwerbsloses;
erwerbslosigkeit;
erzwingen;
erzwingend;
erzwingendem;
erzwingenden;
erzwungen;
eschwer;
eschwere;
eskalieren;
eskalierend;
eskalierendem;
eskaliern;
eskaliert;
eskaliertem;
eurokrise;
evasiv;
evasive;
evasivem;
evasiven;
evasives;
exkulpation;
exkulpi;
exkulpieren;
exkulpierend;
exkulpierende;
exkulpiert;
exkulpierte;
exkulpiertes;
exzessiv;
fabrikationsfehler;
faehrden;
faelsch;
faelschen;
faelschend;
faelschende;
faelschendem;
faelschenden;
faelschendes;
faelscher;
faelschlich;
faelschlichem;
faelschlichen;
faelschlicher;
faelschlicherweise;
faelscht;
faelschten;
faelschung;
fahren;
fahrlaessig;
fahrlaessiger;
fahrlaessigkeit;
fallen;
FALSCH;
falschanwendung;
falschauswertung;
falschdeklarieren;
falschdeklariert;
falschdeklarierte;
falschdeklarierter;
falschdeklariertes;
falschetikettierung;
falschheit;
falschinformation;
falschinformatione;
falschinformieren;
falschinformiert;
falschinformiertem;
falschinformierter;
false;
faul;
faulenzen;
faulenzend;
faulenzende;
faulenzendem;
faulenzender;
faulheit;
fehlbar;
fehlbarem;
fehlbaren;
fehlbarer;
fehlbares;
fehlberechn;
fehlberechnen;
fehlberechnend;
fehlberechnendem;
fehlberechnenden;
fehlberechnender;
fehlberechnet;
fehlberechnetem;
fehlberechnetes;
fehlberechnung;
fehlbestaende;
fehlbestand;
fehlbewertung;
fehlbewertunge;
fehldarstellung;
fehldeutung;
fehleingeschaetzt;
fehleingeschaetzte;
fehleingeschaetzter;
fehleingeschaetztes;
fehleinschaetz;
fehleinschaetzend;
fehleinschaetzende;
fehleinschaetzendem;
fehleinschaetzenden;
fehleinschaetzendes;
fehleinschaetzung;
fehleinschaetzunge;
fehlen;
fehlend;
fehlentscheidung;
fehlentwicklung;
fehler;
fehlerhaft;
fehlfunktion;
fehlfunktione;
fehlgeleiten;
fehlgeleitet;
fehlgeleitetes;
fehlgeschlagen;
fehlgeschlagenem;
fehlgriff;
fehlgriffe;
fehlinformation;
fehlinformiere;
fehlinformieren;
fehlinformiert;
fehlinformiertem;
fehlinformierter;
fehlinterpretation;
fehlinterpretieren;
fehlinterpretiert;
fehlinterpretiertem;
fehlinterpretierter;
fehlkalkulation;
fehlkalkulationen;
fehlkalkulieren;
fehlkalkulierend;
fehlkalkulierende;
fehlkalkulierendem;
fehlkalkulierender;
fehlkalkulierendes;
fehlkalkuliern;
fehlkalkuliert;
fehlkalkuliertem;
fehlkalkulierter;
fehlkalkuliertes;
fehlkommunikation;
fehlleistung;
fehlpaarung;
fehlpassung;
fehlprozess;
fehlprozesse;
fehlschlagen;
fehlschlagend;
fehlschlagende;
fehlschlagendem;
fehlschlagenden;
fehlschlagender;
fehlschreten;
fehlschritte;
fehlsteuerung;
fehlt;
fehltem;
fehltritt;
fehltritte;
fehlurteil;
fehlverhalten;
fehlzeien;
feind;
feindlich;
feindschaft;
feindschaftlich;
feindschaftlichem;
feindschaftlichen;
feindschaftlicher;
feindselig;
feindseligkeit;
fernbleiben;
festgefahren;
festgefahrene;
festgefahrenem;
feueren;
feuern;
feuernd;
feuerndem;
finanzkrise;
finanzkrisen;
fingieren;
fingiert;
fingiertem;
fingiertes;
flaschenhaelse;
flaschenhals;
flauten;
fliehen;
fluechtig;
fluechtling;
fluechtlinge;
folgenreich;
fordernd;
forderndem;
fortdauern;
fortgedaueren;
fortgedauertem;
fortgedauerten;
fortgedauerter;
fortgedauertes;
fraglich;
fraglichem;
fragwuerdig;
fragwuerdigen;
fragwuerdiger;
fragwuerdiges;
freigesprochen;
freigesprochene;
freigesprochenem;
freigesprochener;
freisprechen;
freisprechend;
freisprechende;
freisprechendem;
freisprechung;
freispricht;
freispruch;
freispruech;
fremdeinmischung;
fristversaeumnis;
fristversaeumnisse;
frivol;
frivole;
frivolem;
frivolen;
fruchtlos;
fruchtlosem;
fruchtlosen;
fruchtloser;
fruchtloses;
fruchtlosigkeit;
fruehreif;
fruehreife;
fruehreifem;
fruehreifer;
fruehreifes;
frustration;
frustrieren;
frustrierend;
frustrierendem;
frustrierenderweise;
frustriern;
frustriert;
frustriertem;
frustriertes;
fuercht;
fuerchten;
funktionsstoerung;
furcht;
gangster;
gaun;
gebilligt;
gebremst;
gebremstem;
gebremsten;
gebrochen;
gedrohen;
gedroht;
gedrohter;
geduldeen;
gedulden;
geduldet;
geduldetes;
gedulteter;
geenden;
geendet;
geendeten;
geendigen;
geendigt;
geendigtem;
geendigter;
geendigtes;
gefaehrde;
gefaehrden;
gefaehrdend;
gefaehrdendem;
gefaehrdender;
gefaehrdendes;
gefaehrdet;
gefaehrdetem;
gefaehrdeten;
gefaehrdetes;
gefaehrdung;
gefaehrdungen;
gefaehrlich;
gefaehrlicher;
gefaelscht;
gefaelschten;
gefaelschter;
gefaelschtes;
gefahr;
gefahrvoll;
gefahrvolle;
gefahrvollem;
gefahrvollen;
gefahrvoller;
gefehlt;
gefehlten;
gefehltes;
gefeuern;
gefeuert;
gefeuertes;
gegen;
gegenfordernd;
gegenfordernde;
gegenforderndem;
gegenfordernder;
gegenforderung;
gegenforderungen;
gegenmassnahme;
gegenmassnahmen;
gegensaetzlich;
gegensaetzlichen;
gegenschlag;
gegenschlagen;
gegenseit;
gegenteil;
gegenuebergestellt;
gegenuebergestellten;
gegenuebergestellter;
gegenuebergestelltes;
gegenueberstelle;
gegenueberstellend;
gegenueberstellenden;
gegenueberstellendes;
gegenueberstellt;
gegner;
gegnerisch;
geheimgehalten;
geheimgehaltene;
geheimgehaltenem;
geheimgehaltener;
geheimhalten;
geheimhaltung;
geheimhaltunge;
gehemmen;
gehemmt;
gehemmter;
gehindert;
gehinderte;
gehindertem;
geirren;
geirrt;
gekentert;
gekentertem;
gekenterten;
gekenterter;
gekentertes;
gekippt;
gekipptem;
gekuendigen;
gekuendigt;
gekuendigtes;
gekuerzt;
gekuerzter;
geldwaesch;
geleugnet;
geleugneten;
geleugneter;
geleugnetes;
gelitten;
gelittenem;
gelittener;
gemach;
gemahnen;
gemahnt;
gemahntem;
gemahnter;
genoetigt;
genoetigten;
geopferen;
geopfern;
geopfert;
geopferter;
gepeinigen;
gepeinigt;
gepeinigten;
geraechen;
geraecht;
geraechtem;
geraechten;
geraeumen;
geraeumt;
geraeumten;
geringwertig;
gerissen;
geschadeen;
geschadet;
geschadete;
geschadeter;
geschadetes;
geschaedigt;
geschaedigte;
geschaedigtem;
geschaedigten;
geschaedigtes;
geschaeftsaufgabe;
geschaeftsaufgaben;
geschaeftsrisike;
geschaeftsrueckgaengen;
geschaeftsrueckgang;
geschaeftsunfaehigkeit;
geschassen;
geschasst;
geschasster;
geschasstes;
gescheitert;
geschieden;
geschiedenen;
geschlagen;
geschlossen;
geschmaeleren;
geschmaelert;
geschmaelertem;
geschmaelertes;
geschocken;
geschockt;
geschocktem;
geschwaecht;
geschwaechtem;
geschwaechten;
geschwunden;
geschwundene;
geschwundenen;
geschwundener;
geschwundenes;
gesetzesbrech;
gesetzesuebertretung;
gesetzesverstoess;
gesetzesverstoss;
gesetzwidrig;
gesetzwidrigen;
gesetzwidriger;
gesetzwidrigerweise;
gesetzwidrigkeit;
gesperrt;
gespoett;
gestaendnis;
gestaendniss;
gestehen;
gestehend;
gestehende;
gestehendem;
gestoert;
gestoerte;
gestoerten;
gestohlen;
gestoppen;
gestoppt;
gestoppter;
gestresst;
gestresste;
gestritten;
gestrittene;
gestuerzt;
gestuerzten;
gestuerztes;
gesundgeschrumpfen;
gesundgeschrumpft;
gesundgeschrumpftem;
gesundgeschrumpfter;
gesundschrumpfe;
gesundschrumpfend;
gesundschrumpfende;
gesundschrumpfendem;
gesundschrumpfender;
gesundschrumpfung;
getadelt;
getadelte;
getadelter;
getaeuschen;
getaeuscht;
getaeuschte;
getaeuschten;
getaeuschtes;
getrennt;
getuemmel;
gewagt;
gewalt;
gewaltsam;
gewaltsamem;
gewaltsamkeit;
gewalttaetig;
gewalttaetigen;
gewalttaetiger;
gewalttaetiges;
gewalttaetigkeit;
gewarnt;
gewarnte;
gewarnter;
geweigert;
geweigerter;
gewinnlos;
gewinnlosem;
gewinnlosen;
gewinnloses;
gewissenlos;
gezwungen;
gezwungenes;
glanzlos;
gravierend;
groll;
grossschade;
grossschadenanfall;
grossschadenbelastung;
grossschadenereignis;
grossschadenquot;
grossschadensituation;
grossschadenverlauf;
grossschaeden;
grundlos;
grundlose;
grundlosen;
grundloser;
haengepartie;
haengepartien;
haft;
haftstrafe;
halsabschneidend;
halsabschneidende;
halsabschneidendem;
halsabschneidendes;
halsabschneider;
haltlos;
haltlose;
haltlosem;
haltloses;
handlungsunfaehig;
handlungsunfaehiges;
handlungsunfaehigkeit;
hartnaeckig;
hartnaeckiger;
hartnaeckiges;
hartnaeckigkeit;
haushaltskuerzung;
heftig;
heimlichkeit;
heimtuecke;
hemm;
hemmen;
hemmend;
hemmende;
hemmendem;
hemmnis;
hemmnisse;
hemmt;
hemmung;
hemmungen;
herabgestuft;
herabgestufte;
herabgestuftem;
herabgestufter;
herabstufen;
herabstufend;
herabstufendem;
herabstufenden;
herabstufender;
herabstuft;
herabstufung;
heraufbeschwoeren;
heraufbeschworen;
heraufbeschworenem;
heraufbeschworener;
heraufbeschworenes;
heraufbeschwören;
herausfordern;
herausfordernd;
herausforderung;
herausgeforderen;
herausgefordert;
herausgeforderte;
herausgeforderter;
herumgepfuscht;
herunterfahren;
heruntergespielen;
heruntergespielt;
heruntergespieltem;
heruntergespielter;
heruntergewirtschaften;
heruntergewirtschaftet;
heruntergewirtschaftetem;
heruntergewirtschafteter;
herunterspielen;
herunterwirtschaft;
himmelschreiend;
himmelschreienden;
hinausgeschoben;
hinausgeschobener;
hinausgezoegert;
hinausgezoegertem;
hinausgezoegerter;
hinausschieben;
hinauszoegern;
hinauszoegernd;
hinauszoegernder;
hinderen;
hindern;
hindernd;
hindernde;
hinderndem;
hinderndes;
hindernis;
hindernisse;
hinderung;
hinderunge;
hinderungsgruend;
hinderungsgrund;
hinfaellig;
hinfaelligkeit;
hingezogen;
hingezogenem;
hinterfragen;
hinterfragend;
hinterfragender;
hinterfragtem;
hinterfragter;
hinterfragtes;
hintergangen;
hintergangene;
hintergangenem;
hintergangener;
hintergehe;
hintergehen;
hintergehend;
hintergehende;
hintergehendem;
hintergehender;
hintergehendes;
hinterging;
hinterhaeltig;
hinterhaeltiger;
hinterziehung;
hinziehen;
huerde;
huerden;
ignorieren;
ignorierend;
ignorierenden;
ignorierender;
ignorierendes;
ignoriert;
ignorierter;
ignoriertes;
illegal;
illegalerweise;
illegalitaet;
illiquid;
illiquide;
illiquidem;
illiquiden;
illiquider;
illiquiditaet;
inadaequat;
inadaequate;
inadaequatem;
inadaequaten;
inadaequater;
inakkurat;
inakkuratem;
inakkuraten;
inakkurater;
inaktiv;
inaktivem;
inaktivieren;
inaktivierend;
inaktivierende;
inaktivierender;
inaktiviert;
inaktivierte;
inaktivierten;
inaktivierter;
inaktiviertes;
inaktivitaet;
inakzeptabel;
inakzeptabl;
ineffektiv;
ineffektivem;
ineffektives;
ineffektivitaet;
infantil;
infantilem;
infantiles;
infragestelle;
inhafti;
inhaftieren;
inhaftierend;
inhaftierendem;
inhaftierenden;
inhaftierendes;
inhaftiert;
inhaftiertem;
inhaftiertes;
inhaftierung;
inhaftierunge;
inkompatibel;
inkompatibilitaet;
inkompatibl;
inkompatiblem;
inkompetent;
inkompetenz;
inkompleten;
inkomplett;
inkomplette;
inkompletter;
inkonsequent;
inkonsequenter;
inkonsequentes;
inkonsequenz;
inkorrekt;
inkorrektem;
inkorrektes;
insolvent;
insolventer;
insolvenz;
insolvenzverwalter;
instabil;
instabilem;
instabilitaet;
instinktlos;
instinktlosem;
instinktlosen;
instinktloses;
insubordination;
insuffizienz;
internetkriminalitaet;
internetverbrech;
intrusion;
irrefuehr;
irrefuehrend;
irrefuehrende;
irrefuehrendem;
irrefuehrenden;
irrefuehrenderweis;
irregefuehrt;
irregefuehrter;
irregefuehrtes;
irregeleiten;
irregeleitet;
irren;
irrend;
irrende;
irrendem;
irrendes;
irreparabel;
irreparabl;
irreparable;
irreversibel;
irreversibl;
irreversible;
irreversiblem;
irreversiblen;
irreversibles;
irrig;
irrige;
irriger;
irrigerweise;
irritation;
irritationen;
irriti;
irritieren;
irritierend;
irritierendem;
irritiert;
irritiertem;
irrt;
irrtem;
irrten;
irrter;
irrtuemer;
irrtuemlich;
irrtuemlichen;
irrtuemlicherweise;
irrtum;
kalkulationsfehler;
kampfansag;
kampfansage;
kartellrechtlich;
kaschieren;
kaschierend;
kaschierende;
kaschierendem;
kaschierender;
kaschiertem;
kaschierter;
kaschiertes;
katastrophal;
katastrophale;
katastrophalem;
katastrophe;
kehrseit;
kehrseite;
kent;
kenteren;
kentern;
kenternd;
kenternde;
kenterndem;
kenternder;
kenterndes;
kentert;
kippe;
kippen;
kippend;
kippende;
kippendem;
kippender;
klaeger;
klaegerin;
klaegerpartei;
klaegerparteien;
klaeglich;
klaeglicher;
klage;
klagen;
klagend;
klagendem;
klagender;
klagepartei;
klageparteie;
knappheit;
komplikation;
kompliziert;
konfisziere;
konfiszieren;
konfiszierend;
konfiszierende;
konfiszierendem;
konfiszierender;
konfiszierendes;
konfisziern;
konfisziert;
konfiszierter;
konfisziertes;
konfiszierung;
konflikt;
konfrontation;
konfrontieren;
konfrontierend;
konfrontierende;
konfrontierendem;
konfrontierender;
konfrontierendes;
konfrontiern;
konfrontierte;
konfrontiertem;
konfrontierter;
konjunkturschwach;
konjunkturschwache;
konjunkturschwaeche;
konspiration;
konspiri;
konspirieren;
konspirierend;
konspirierender;
konspirierened;
konspiriern;
konspiriert;
konventionalstrafe;
kopflosigkeit;
korrektur;
korrigieren;
korrigierend;
korrigierendem;
korrigiert;
korrigiertem;
korrupt;
korruptheit;
korruption;
kostenintensiv;
kostspielig;
kraenk;
kraenke;
kraenkend;
kraenkende;
kraenkendem;
kraenkenden;
kraenkender;
kraenkt;
krank;
krankem;
kriminell;
kriminellerweise;
krise;
krisenanfaellig;
krisenbedingt;
krisenbedingten;
krisenbewaeltigung;
krisengeschuettelter;
krisenhafn;
krisenjahr;
krisenjahre;
krisenjahren;
krisenjahres;
krisenlaendern;
krisenmanagement;
krisenphase;
krisenzeit;
kritik;
kritike;
kritisch;
kritisieren;
kritisierend;
kritisierende;
kritisierendem;
kritisierenden;
kuemmernis;
kuendig;
kuendigen;
kuendigend;
kuendigende;
kuendigender;
kuendigt;
kuendigung;
kuendigungen;
kuerz;
kuerzen;
kuerzend;
kuerzendem;
kuerzt;
kuerzung;
kummer;
kunstfehler;
kursrueckgang;
kursverlu;
kursverlust;
labil;
labile;
labilitaet;
laedieren;
laediert;
laediertem;
laedierter;
laedierung;
laestern;
laestert;
laestig;
laestiger;
lahm;
lahmem;
lahmen;
lahmgelegen;
lahmgelegt;
lahmgelegtem;
lahmgelegten;
lahmgelegter;
lahmlegen;
laienhaft;
laienhaftem;
laienhafter;
laienhaftes;
langsam;
langwierig;
langwierigkeit;
last;
lastend;
lastendem;
lastender;
launenhaft;
launenhafte;
launisch;
leblosigkeit;
leerlauf;
leerstehend;
leichtfertig;
leichtfertige;
leichtfertigkeit;
leichtsinn;
leichtsinnig;
leichtsinnige;
leichtsinnigerweise;
leichtsinnigkeit;
leiden;
leidend;
leider;
leistungsschwach;
leistungsschwaech;
leugneen;
leugnen;
leugnend;
leugnende;
leugnendem;
leugnender;
limitiere;
limitieren;
limitierend;
limitierendem;
limitierendes;
limitiert;
limitierung;
liquidation;
liquidationen;
liquidator;
liquidieren;
liquidierend;
liquidierende;
liquidierender;
liquidiern;
liquidiert;
liquidiertem;
liquidierter;
liquidiertes;
liquidierung;
liquidierunge;
lossagung;
lueckenhaft;
lueckenhafte;
lueckenhaftem;
lueckenhaften;
lueckenhafter;
lueckenhaftes;
lueg;
luege;
luegend;
luegende;
luegendem;
luegender;
luegendes;
luegnerisch;
luegnerische;
luegt;
lustlos;
lustlosen;
lustloser;
lustloses;
machenschaft;
machenschaften;
machtlos;
machtlose;
machtlosem;
machtloses;
maengel;
mager;
magere;
mahnen;
makel;
mangel;
mangelhaft;
mangeln;
mangelnd;
mangelt;
mangeltem;
mangeltes;
manipulation;
manipulativ;
manipulativem;
manipulatives;
manipulieren;
manipulierend;
manipulierendem;
manipulierendes;
manipuliert;
manipulierung;
manko;
mankos;
marktbeherrschend;
marktbeherrschender;
marktbeherrschendes;
masseverwalt;
massiv;
meineid;
meinungsverschiedenheit;
mildernd;
mildernde;
milderndem;
minderleistung;
minderung;
minderwertig;
minus;
miserabel;
miserabl;
miserablem;
mismatching;
mismatchings;
mispricing;
mispricings;
missachte;
missachteen;
missachten;
missachtend;
missachtende;
missachtendem;
missachtender;
missachtendes;
missachtet;
missachteter;
missachtetes;
missachtung;
missachtunge;
missbillig;
missbilligen;
missbilligend;
missbilligendem;
missbilligendes;
missbilligt;
missbilligtem;
missbilligter;
missbilligtes;
missbilligung;
missbilligunge;
missbraeuch;
missbraeuchlich;
missbrauch;
missbrauchen;
missbrauchend;
missbrauchende;
missbrauchendem;
missbraucht;
missbrauchte;
missdeuten;
missdeutend;
missdeutendem;
missdeutenden;
missdeutender;
missdeutet;
missdeutetem;
missdeuteter;
missdeutung;
missdeutungen;
misserfolg;
misserfolge;
missetat;
missetaten;
missfaellt;
missfalle;
missfallen;
missfallenem;
missfallener;
missfallenes;
missgedeuten;
missgedeutet;
missgedeutetem;
missgedeuteter;
missgeschick;
missgeschicke;
missglueckt;
missglueckter;
missgluecktes;
missgriff;
missgriffe;
misshandelen;
misshandeln;
misshandelnd;
misshandelnde;
misshandelndem;
misshandelt;
misshandle;
misskredit;
misslich;
misslichem;
misslicher;
missliebig;
missliebigen;
misslingen;
misslingend;
misslingende;
misslingendem;
misslingender;
misslung;
misslungen;
misslungenem;
missmanagement;
missstaend;
missstand;
misstrauen;
missverhaeltnis;
missverhaeltnisse;
missverstaendnis;
missverstaendnisse;
missverstanden;
missverstandenem;
missverstehen;
missverstehend;
missverstehende;
missverstehendem;
missverstehendes;
misswirtschaft;
misswirtschaftend;
misswirtschaftende;
misswirtschaftendem;
misswirtschaftendes;
moniere;
monieren;
monierend;
monierendem;
monierened;
moniert;
monierter;
monierunge;
morsch;
morscher;
mueh;
muehe;
muehevoll;
muehevolle;
muehevollem;
muehevoller;
muehsal;
muehsam;
muehsame;
muehsamem;
muehsamen;
muehsames;
muehselig;
muehseliger;
mutmasslich;
nachahmung;
nachdruecklich;
nachdruecklichen;
nachfragerueckgang;
nachgeben;
nachgebend;
nachgebendem;
nachgebender;
nachgebendes;
nachgebenen;
nachgegeben;
nachgegebene;
nachgegebenem;
nachgegebener;
nachgegebenes;
nachgelassen;
nachgelassenem;
nachgelassenen;
nachgelassener;
nachgelassenes;
nachgiben;
nachlaessig;
nachlaessigen;
nachlaessiger;
nachlaessigkeit;
nachlaesst;
nachlassen;
nachlassend;
nachrangig;
nachspiel;
nachteil;
nachteilig;
nachverhandelen;
nachverhandeln;
nachverhandelnd;
nachverhandelnde;
nachverhandelndem;
nachverhandelnder;
nachverhandelndes;
nachverhandelt;
nachverhandelte;
nachverhandeltes;
nachverhandlung;
nachwirkung;
nachwirkungen;
negativ;
nervoe;
nervoese;
nervoesem;
nervoeser;
nervoeses;
nettoverlu;
nettoverlust;
neubewertung;
neubewertungen;
neuformulierend;
neuformulierende;
neuformulierung;
neuordnet;
neuordnung;
neuordnungen;
neuverhandeln;
neuverhandelnd;
neuverhandelnde;
neuverhandelndem;
neuverhandelnder;
neuverhandelt;
neuverhandelter;
neuverhandlung;
neuzuordnung;
nichtanerkennung;
nichtanerkennungen;
nichtbeachtung;
nichtbefolgung;
nichteinhaltung;
nichterfuellend;
nichterfuellende;
nichterfuellendem;
nichterfuellenden;
nichterfuellender;
nichterfuellung;
nichterneuerung;
nichterreichung;
nichtfundiern;
nichtfundiert;
nichtfunktional;
nichtfunktionale;
nichtfunktionalem;
nichtfunktionalen;
nichtfunktionaler;
nichtig;
nichtigkeitserklaerung;
nichtkonform;
nichtkonformem;
nichtkonformen;
nichtkonformer;
nichtkonformes;
nichtkonformitaeen;
nichtkonformitaet;
nichtproduktiv;
nichtproduktivem;
nichtproduktiver;
nichtsahnend;
nichtsahnendem;
nichtsahnender;
nichtsahnendes;
nichtstuend;
nichtstuende;
nichtstuendem;
nichtstuender;
nichtstun;
nichtverwirklichung;
nichtverwirklichungen;
nichtzahlung;
nichtzahlunge;
nichverfuegbarkeit;
niedergaenge;
niedergang;
niedergehend;
niedergehendem;
niedergehendes;
niederlage;
niederschlagend;
niederschmetternd;
niederschmetterndem;
niederschmetternder;
noete;
noetig;
noetigen;
noetigend;
noetigende;
noetigendem;
noetigender;
noetigt;
noetigung;
nonkonform;
nonkonformem;
nonkonformen;
nonkonformes;
nonkonformitaet;
not;
notlage;
notlagen;
notleidend;
notleidendem;
notverkaeufe;
notverkauf;
nutzlos;
nutzlosem;
nutzlosigkeit;
nutzungsausfaelle;
nutzungsausfall;
obsoleszenz;
obsolet;
obsolete;
obsoleter;
obszoen;
obszoene;
obszoenen;
obszoener;
obszoenes;
obszoenitaet;
oelkrise;
oelkrisen;
opfer;
opfern;
opfernd;
opferndem;
opfernden;
opferung;
opportunistisch;
opposition;
oppositionell;
oppositionellen;
oppositioneller;
oppositionelles;
panik;
panikartig;
panikartige;
panikartiger;
panisch;
panne;
pannen;
passivitaet;
peinige;
peinigen;
personalfreisetzung;
pingelig;
pingeligen;
pingeliger;
plaediere;
plaedierend;
plaedierende;
plaedierendem;
plaedierenden;
plaediert;
plaedierte;
plaedierter;
plaedoyer;
plage;
plagen;
portfoliowertberichtigung;
portfoliowertberichtigunge;
praejudiziell;
praejudizielle;
praejudiziellen;
praejudizieller;
praejudizierend;
praejudizierende;
praejudizierender;
praekludieren;
praevention;
praeventionen;
preisabschlaege;
preisabschlag;
preisgabe;
preisgeben;
preisgebend;
preisgebendem;
preisgebender;
preisgegeben;
preisgegebenen;
preisgegebener;
problem;
problematik;
problematisch;
problembehaften;
problembehaftet;
problembehaftete;
problembehaftetem;
problembehafteter;
prolongation;
prolongier;
prolongieren;
prolongierend;
prolongierender;
prolongierendes;
prolongiert;
prolongiertes;
protest;
protestieren;
protestierend;
protestler;
provokation;
provozieren;
provozierend;
provozierendes;
provoziertem;
provozierter;
provoziertes;
prozessfuehrer;
prozessi;
prozessieren;
prozessierend;
prozessierendem;
prozessierender;
prozessiert;
prozessiertem;
prozessierter;
prozesspartei;
rache;
radikal;
raech;
raechen;
raechend;
raechende;
raechendem;
raechender;
raecht;
raeuberisch;
raeuberischen;
raeum;
raeumen;
raeumend;
raeumende;
raeumendem;
raeumender;
raeumt;
raeumung;
raeumungsverkaeufe;
raeumungsverkauf;
rationalisiere;
rationalisieren;
rationalisierend;
rationalisierende;
rationalisierenden;
rationalisiert;
rationalisiertem;
rationalisierter;
rationalisierung;
rationalisierunge;
rau;
rauem;
rauheit;
rauswuerfe;
rauswurf;
realitaetsfer;
realitaetsfern;
realitaetsferne;
realitaetsfernem;
realitaetsferner;
realitaetsfernes;
realitaetsfremd;
realitaetsfremde;
realitaetsfremdem;
realitaetsfremder;
rechenfehler;
rechtfertigen;
rechtseinwaend;
rechtseinwand;
rechtsfehler;
rechtsverletzung;
rechtswidrig;
rechtswidrigkeite;
reformunfaehig;
reformunfaehige;
reformunfaehiger;
reinfaell;
reinfall;
reklamation;
reklamier;
reklamieren;
reklamierend;
reklamierende;
reklamierendem;
reklamierender;
reklamierendes;
reklamiert;
reklamierter;
reklamiertes;
reorganisation;
reorganisi;
reorganisieren;
reorganisierend;
reorganisierendem;
reorganisierender;
reorganisierendes;
reorganisiert;
reorganisierter;
reorganisiertes;
reparatur;
resignation;
resignationen;
resignier;
resignieren;
resignierend;
resignierendem;
resignierenden;
resignierender;
resigniern;
resigniert;
resigniertem;
resignierter;
restrukturiere;
restrukturieren;
restrukturierend;
restrukturierendem;
restrukturierenden;
restrukturierender;
restrukturiert;
restrukturiertem;
restrukturierten;
restrukturierter;
restrukturierung;
rettungsaktion;
revozieren;
rezession;
rigoro;
rigoros;
rigorosem;
rigorosen;
rigoroses;
riss;
risse;
rissen;
rueckdatierend;
rueckdatierende;
rueckdatierender;
rueckgaenge;
rueckgang;
ruecklaeufig;
ruecklaeufige;
ruecklaeufigem;
ruecklaeufiger;
ruecknahme;
ruecknahmen;
rueckrufe;
rueckschlaege;
rueckschlag;
ruecksichtslos;
ruecksichtslose;
ruecksichtsloses;
ruecksichtslosigkeien;
ruecksichtslosigkeit;
rueckstaende;
rueckstand;
ruecktritt;
rueckweisung;
rueckweisunge;
rueckzieher;
ruinieren;
ruinierend;
ruinierendem;
ruiniert;
sabotage;
sabotieren;
sachschaden;
sachschaed;
sackgasse;
saeumig;
saeumiger;
saeumnis;
saeumnisse;
sani;
sanieren;
sanierend;
sanierender;
saniert;
sanierunge;
sanktion;
sanktionieren;
sanktionierend;
sanktionierende;
sanktionierendem;
sanktionierender;
sanktioniern;
sanktioniert;
sanktioniertem;
sanktioniertes;
schade;
schaden;
schadenaufwand;
schadenaufwendung;
schadenbelastet;
schadenbelastung;
schadend;
schadendem;
schadender;
schadendes;
schadenereignis;
schadenereignisse;
schadenereignissen;
schadenersatz;
schadenersatzanspruech;
schadenersatzes;
schadenersatzforderung;
schadenersatzklag;
schadenersatzklage;
schadenersatzleistung;
schadenersatzzahlung;
schadenfaelle;
schadenfall;
schadenquoen;
schadenquote;
schadenrisiko;
schadensfaelle;
schadensfall;
schadenshoehe;
schadensituation;
schadenskost;
schadenspotenzial;
schadenszenarie;
schadenzahlung;
schaed;
schaedigen;
schaedigend;
schaedigende;
schaedigendem;
schaedigender;
schaedigt;
schaedigungsabsicht;
schaedlich;
schaedliche;
schaendlich;
schaendliche;
schaendliches;
schande;
scharf;
schassen;
schassend;
schassendem;
schassender;
schassendes;
schattenseien;
schattenseite;
scheiden;
scheidung;
scheiteren;
scheitern;
scheiternd;
scheiternde;
scheiterndes;
schicksalsschlaege;
schicksalsschlag;
schieflaege;
schieflage;
schiffbruch;
schikane;
schikani;
schikanieren;
schikanierend;
schikanierende;
schikanierendem;
schikaniert;
schikanierte;
schikaniertem;
schikanierter;
schimpfen;
schlagartig;
schlagen;
schlagend;
schlagender;
schlappe;
schlappen;
schlecht;
schlechte;
schlechter;
schlechterem;
schlechtest;
schlechtestem;
schlechtestes;
schlechtmach;
schleppend;
schleppendes;
schlichtung;
schlichtunge;
schliessen;
schliessend;
schliessende;
schliessendem;
schliessender;
schliessung;
schließen;
schlimm;
schlimme;
schlimmem;
schlimmere;
schlimmeres;
schlimmst;
schlimmster;
schloss;
schmach;
schmaechlich;
schmaechlicher;
schmael;
schmaeler;
schmaeleren;
schmaelern;
schmaelernd;
schmaelernde;
schmaelernder;
schmaelerndes;
schmaelert;
schmaelerung;
schmaelerunge;
schmerze;
schmerzen;
schmerzend;
schmerzendem;
schneiden;
schnitt;
schocken;
schockieren;
schockiert;
schockiertem;
schockierter;
schroff;
schroffe;
schroffem;
schroffer;
schrumpfung;
schuld;
schuldbewussn;
schuldbewusst;
schuldbewusstem;
schuldbewusster;
schuldenkris;
schuldenkrisen;
schuldhaft;
schuldig;
schuldige;
schuldigen;
schuldiger;
schwach;
schwachpunken;
schwachpunkt;
schwachstell;
schwachstelle;
schwaech;
schwaeche;
schwaechelnd;
schwaechelndem;
schwaechelnder;
schwaechelndes;
schwaechen;
schwaechend;
schwaechende;
schwaechendem;
schwaechender;
schwaechendes;
schwaecher;
schwaechere;
schwaecherem;
schwaecherer;
schwaechern;
schwaechlich;
schwaechst;
schwaecht;
schwaechten;
schwankungsanfaelligkeit;
schwankungsfreude;
schwebend;
schwebendem;
schwer;
schwerfaellig;
schwerfaelligkeit;
schwerwiegend;
schwerwiegendem;
schwierig;
schwierigkeit;
schwind;
schwindelerregend;
schwindelerregendem;
schwindelerregendes;
schwinden;
schwindend;
schwindendes;
schwuenden;
schwund;
schwunde;
selbstanzeig;
selbstanzeige;
sinnlos;
sinnlose;
sittenwidrig;
skandal;
skandaloes;
skandaloese;
skandaloesem;
skandaloeser;
skeptisch;
skrupellos;
skrupellose;
skrupellosem;
skrupelloses;
sonderabschreibung;
sorgen;
sorglos;
sorglosem;
sorglosigkein;
sorglosigkeit;
spaet;
spam;
spamm;
spammen;
spammer;
spamming;
spammt;
spammte;
spannung;
sperre;
sperren;
sperrend;
sperrende;
sperrendem;
sperrender;
sperrung;
sperrungen;
spott;
staatsschuldenkrise;
stagnation;
stagnieren;
stagnierend;
stagnierendem;
stagniert;
stagnierter;
stehlen;
steurzen;
stillgelegn;
stillgelegt;
stilllegen;
stilllegend;
stilllegende;
stilllegendem;
stillstaende;
stillstand;
stillstehend;
stillstehende;
stillstehendem;
stillstehender;
sto;
stockend;
stockende;
stoeren;
stoerend;
stoerende;
stoerenden;
stoerender;
stoerfaell;
stoerfall;
stoern;
stoerstell;
stoerstelle;
stoert;
stoerung;
stoerunge;
stopp;
stoppen;
stoppend;
stoppende;
stoppendem;
stoppenden;
strafbar;
strafbarem;
strafbaren;
strafbarer;
strafbarkeit;
strafe;
strafen;
strafend;
straff;
straffaellig;
straffaelligen;
straffe;
straffend;
straffendem;
straffender;
straffes;
strafsumme;
strafverfolgung;
strafverfolgungen;
strapaze;
strapazieren;
strapazierend;
strapazierende;
strapazierendem;
strapazierender;
strapazierendes;
strapaziern;
strapaziert;
streik;
streikpost;
streit;
streiten;
streitend;
streitende;
streitest;
streitfrag;
streitfragen;
streits;
streng;
stress;
stressen;
stressig;
stritten;
strittene;
strittenem;
strittener;
strittenes;
strittig;
stuemperei;
stuerze;
stuerzen;
stuerzend;
stuerzende;
stuerzendem;
stuerzender;
stuerzt;
stuerzten;
stundung;
stundungen;
sturz;
suender;
sundgeschrumpfen;
sundschrumpfen;
suspeken;
suspekt;
suspektem;
suspekter;
suspendieren;
suspendierend;
suspendierende;
suspendierendem;
suspendierenden;
suspendierender;
suspendiern;
suspendiert;
suspendierter;
suspendierung;
tadel;
tadelen;
tadeln;
tadelnd;
tadelnde;
tadelndem;
tadelnder;
taeter;
taetlich;
taetlicher;
taeusch;
taeuschend;
taeuschendem;
taeuschender;
taeuschendes;
taeuschn;
taeuscht;
taeuschung;
tatenlosigkeit;
tatverdaechtig;
tatverdaechtige;
tatverdaechtiger;
tiefgreifend;
tiefgreifendem;
tiefstapelei;
tiefstapeleien;
todesfaelle;
todesfall;
todesopf;
toedlich;
tot;
traeg;
traege;
traegheit;
tragik;
tragiken;
tragisch;
tragischerweise;
tragoedie;
tragoedien;
traumatisch;
traumatisierend;
trennen;
trennend;
trennendem;
trennender;
trennung;
trennungen;
treulos;
treulosem;
treuloser;
treuloses;
treulosigkeit;
trockenheit;
trockenzeit;
truegerisch;
truegerische;
tuecken;
tueckn;
turbulent;
turbulentem;
turbulenz;
uebel;
uebeltaet;
ueberalterung;
ueberarbeiten;
ueberarbeitend;
ueberarbeitenden;
ueberarbeitender;
ueberarbeitendes;
ueberarbeitet;
ueberarbeitung;
ueberbeweren;
ueberbewert;
ueberbewerten;
ueberbewertend;
ueberbewertende;
ueberbewertendes;
ueberbewertet;
ueberbewertetem;
ueberbewerteten;
ueberbewerteter;
ueberbewertung;
ueberbezahlen;
ueberbezahlt;
ueberbezahltem;
ueberbezahlung;
ueberbezahlunge;
ueberbordend;
ueberbordendem;
ueberbordendes;
ueberbordened;
ueberbrueckung;
ueberdimensionieren;
ueberdimensioniern;
ueberdimensioniert;
ueberdimensioniertem;
ueberdimensionierter;
ueberfaellig;
ueberfallartig;
ueberfallartiger;
ueberfluessig;
ueberfluessige;
ueberfluessigen;
ueberfluessiger;
ueberfluessiges;
ueberflun;
ueberflut;
ueberfluten;
ueberflutend;
ueberflutendem;
ueberflutet;
ueberflutetes;
ueberforder;
ueberfordern;
ueberfordernd;
ueberforderndem;
ueberfordernden;
ueberfordert;
ueberfracht;
ueberfrachten;
ueberfrachtend;
ueberfrachtende;
ueberfrachtendem;
ueberfrachtender;
ueberfrachtet;
ueberfrachteter;
ueberhoeht;
ueberhoehtem;
ueberhoehtes;
ueberholen;
ueberholt;
ueberholter;
ueberholtes;
ueberladen;
ueberladenem;
ueberladenen;
ueberladener;
ueberladenes;
ueberlaedt;
ueberlageren;
ueberlasen;
ueberlasten;
ueberlastend;
ueberlastenden;
ueberlastender;
ueberlastet;
ueberlastetem;
ueberlasteter;
uebermaessig;
uebermaessigen;
uebermaessiger;
ueberrannte;
ueberranntem;
ueberrannten;
ueberrannter;
ueberranntes;
ueberrennen;
ueberroll;
ueberrollt;
uebersah;
ueberschaetz;
ueberschaetzen;
ueberschaetzend;
ueberschaetzendes;
ueberschaetzt;
ueberschaetztes;
ueberschaetzung;
ueberschaetzungen;
ueberschatt;
ueberschatteen;
ueberschattend;
ueberschattendem;
ueberschattenden;
ueberschattet;
ueberschattetem;
ueberschattetes;
ueberschreit;
ueberschreiten;
ueberschreitend;
ueberschreitenden;
ueberschritt;
ueberschritten;
ueberschrittenen;
ueberschrittenes;
uebersehe;
uebersehen;
uebersehend;
uebersehende;
uebersehene;
uebersehenes;
uebersieht;
ueberspitzung;
ueberstand;
ueberstanden;
ueberstandene;
ueberstandenem;
ueberstandenes;
uebersteigeren;
uebersteigert;
ueberstuerzt;
ueberteuert;
ueberteuerter;
uebertreibe;
uebertreiben;
uebertreibend;
uebertreibendem;
uebertreibenden;
uebertreibung;
uebertret;
uebertreten;
uebertretend;
uebertretende;
uebertretendem;
uebertretender;
uebertretenen;
uebertretenes;
uebertretung;
uebertrieb;
uebertrieben;
uebertritt;
uebertrug;
uebervorteile;
uebervorteilen;
uebervorteilend;
uebervorteilende;
uebervorteilendem;
uebervorteilendes;
uebervorteilt;
uebervorteiltes;
ueberzahlen;
ueberzahlt;
ueberzahlten;
ueberzahlter;
ueberzahltes;
ueberzahlung;
ueberzeiehen;
ueberziehe;
ueberziehend;
ueberziehendem;
ueberziehenden;
ueberziehender;
ueberziehendes;
ueberzieht;
ueberzog;
ueberzogen;
ueberzogenen;
ueberzogener;
ueberzogenes;
uebl;
ueble;
ueblen;
umformulieren;
umformulierend;
umformulierende;
umformulierendem;
umformulierenden;
umformuliern;
umformuliert;
umformuliertem;
umformuliertes;
umformulierung;
umformulierungen;
umgangen;
umgangenem;
umgangener;
umgehen;
umgehend;
umgehendes;
umgehung;
umgekippen;
umgekippt;
umgekipptem;
umgekippter;
umgekipptes;
umgestossen;
umgestossener;
umgestuerzt;
umgestuerzten;
umgestuerzter;
umgestuerztes;
umgingen;
umkippen;
umkippend;
umkippenden;
umkippendes;
umkippten;
umsatzrueckgang;
umstaende;
umstaendlich;
umstand;
umstossen;
umstritten;
umstrukturieren;
umstrukturierend;
umstrukturierenden;
umstrukturierender;
umstrukturiern;
umstrukturiert;
umstrukturiertem;
umstrukturierter;
umstrukturierungen;
umstuerzen;
umstuerzend;
umstuerzendem;
umwertung;
unabaenderlich;
unabaenderliche;
unabaenderlichen;
unabdingbar;
unabdingbarem;
unabgeschlossen;
unabgeschlossene;
unabgeschlossenen;
unabgeschlossener;
unabgeschlossenes;
unabgeschlossenheit;
unabsehbar;
unabsehbarer;
unabsichtlich;
unabwendbar;
unabwendbarem;
unabwendbarer;
unabwendbares;
unachtsam;
unachtsamem;
unachtsames;
unachtsamkeit;
unaktuell;
unaktuelle;
unaktueller;
unangebracht;
unangebrachter;
unangebrachtes;
unangekuendigen;
unangekuendigt;
unangekuendigter;
unangemeldet;
unangemeldetes;
unangemessen;
unangemessenheit;
unangenehm;
unangenehmem;
unannehmbar;
unannehmbare;
unannehmbarem;
unannehmbaren;
unannehmbarer;
unannehmbares;
unannehmlichkeit;
unanstaendig;
unanstaendiger;
unanwendbar;
unanwendbare;
unanwendbarem;
unanwendbarer;
unappetitlich;
unappetitlichem;
unattraktiv;
unattraktivem;
unattraktives;
unaufgeschlossen;
unaufmerksamkeit;
unaufrichtig;
unaufrichtigkeit;
unausfuehrbar;
unausfuehrbare;
unausfuehrbarem;
unausfuehrbaren;
unausfuehrbarer;
unausgeglichenheit;
unausgegoren;
unausgegorener;
unausgelasteen;
unausgelastet;
unausgelasteter;
unausgelastetes;
unausgelastetheit;
unausgereift;
unausgereifter;
unausweichlich;
unausweichlichen;
unbeabsichtigen;
unbeabsichtigt;
unbeaufsichtigt;
unbeaufsichtigtem;
unbeaufsichtigter;
unbeaufsichtigtes;
unbedacht;
unbefriedigen;
unbefriedigend;
unbefriedigendem;
unbefriedigt;
unbefugen;
unbefugt;
unbegruenden;
unbegruendet;
unbegruendetem;
unbegruendeten;
unbegruendeter;
unbehebbar;
unbehebbare;
unbehebbarem;
unbehebbarer;
unbeherrschbar;
unbeherrschbare;
unbeherrschbarem;
unbeherrschbarer;
unbeliebt;
unbemerkt;
unbemerkter;
unbenutzbar;
unbenutzbare;
unbenutzbarem;
unbenutzbaren;
unbenutzbarer;
unbenutzt;
unbenutztem;
unbequem;
unbequemem;
unbequemes;
unbequemlichkeit;
unberechenbar;
unberechenbarem;
unberechenbarkeit;
unberechtigt;
unberichten;
unberichtet;
unberichteter;
unbeschaeftigen;
unbeschaeftigt;
unbeschaeftigter;
unbeschaeftigtes;
unbeseitigen;
unbeseitigt;
unbeseitigten;
unbeseitigtes;
unbesetzt;
unbesetztem;
unbesolden;
unbesoldet;
unbesoldeten;
unbesoldeter;
unbesoldetes;
unbesonnen;
unbesonnener;
unbesonnenes;
unbesonnenheit;
unbestaendig;
unbestaendige;
unbestaendiger;
unbestaendigkeit;
unbewus;
unbewussen;
unbewusst;
unbewusstem;
unbezahlt;
unbezahltem;
unbezahlten;
unbillig;
unbilligen;
unbilligkeit;
unbrauchbar;
unbrauchbarem;
underperform;
underperforme;
underperformed;
underperformen;
underperformend;
underperformenden;
underperforms;
underperformt;
understatement;
understatements;
undokumentieren;
undokumentiern;
undokumentiert;
undokumentierter;
undokumentiertes;
undurchfuehrbar;
undurchfuehrbarem;
undurchfuehrbaren;
undurchfuehrbarer;
unecht;
unehrenhaft;
unehrenhafte;
unehrenhaftes;
unehrlich;
unehrlichkeit;
uneinbringbar;
uneinbringbare;
uneinbringbarem;
uneinbringbares;
uneinbringlich;
uneinbringlicher;
uneinbringlichkeit;
uneindeutig;
unempfaenglich;
unempfaengliche;
unentdeckt;
unentdecktem;
unentschlossen;
unentschlossener;
unentschlossenes;
unentschuldigen;
unentschuldigt;
unerbet;
unerbeten;
unerbetenem;
unerbetenes;
unerfahren;
unerfahrenheit;
unerfuellt;
unerfuelltem;
unergiebig;
unergiebigen;
unerhaeltlich;
unerhoern;
unerhoert;
unerhoertem;
unerhoerter;
unerhoertes;
unerkannt;
unerklaeren;
unerklaert;
unerklaerten;
unerlaesslich;
unerlaubt;
unerlaubterweise;
unerlaubtes;
unerledigen;
unerledigt;
unerledigter;
unerreichbar;
unerreichbarem;
unerreichbares;
unerwartet;
unerwarteterweis;
unerwuenscht;
unerwuenschter;
unerwuenschtes;
unethisch;
unethischer;
unfaehig;
unfaehiger;
unfaehigkeit;
unfaelle;
unfaier;
unfair;
unfaire;
unfairem;
unfaires;
unfall;
unfertig;
unfreiwillig;
unfreiwilligerweise;
unfreundlich;
unfug;
unfundieren;
unfundiert;
unfundiertes;
ungeahnen;
ungeahnt;
ungeahntes;
ungebuehrlich;
ungebuehrlichen;
ungeeignet;
ungeheilt;
ungeheiltem;
ungeheiltes;
ungeheuer;
ungeheuerlich;
ungehoerig;
ungehoerige;
ungehoeriger;
ungehoeriges;
ungehoerigkeit;
ungehorsamkeit;
ungeklaern;
ungeklaert;
ungeklaerter;
ungelegenheit;
ungeloe;
ungeloest;
ungenau;
ungenauem;
ungenaues;
ungenauigkeit;
ungenuegen;
ungenuegend;
ungenuegendem;
ungenuegenden;
ungenutzt;
ungeordnet;
ungeordnetes;
ungeplant;
ungeplantem;
ungerecht;
ungerechtem;
ungerechterweise;
ungerechtfertigt;
ungerechtfertigterweis;
ungerechtigkeit;
ungeregelen;
ungeregelt;
ungeregeltem;
ungereimtheit;
ungereimtheiten;
ungeschuetzen;
ungeschuetzt;
ungeschuetzte;
ungeschuetztem;
ungeschuetzter;
ungesetzlich;
ungesetzlichkeit;
ungesichert;
ungesichertem;
ungesteuert;
ungesteuerter;
ungestuem;
ungestuemem;
ungestuemen;
ungestuemer;
ungewillt;
ungewillter;
ungewiss;
ungewisse;
ungewissem;
ungewiß;
ungewoehnlich;
ungewoehnliche;
ungewollen;
ungewollt;
ungewuenschen;
ungewuenscht;
ungewuenschter;
ungewuenschtes;
unglaubwuerdig;
ungleichgewicht;
unglueck;
ungluecke;
ungluecklich;
ungluecklicherweis;
ungueltig;
ungueltigen;
ungueltigkeitserklaerung;
unguenstig;
unhaltbaer;
unhaltbar;
unhaltbarem;
unhaltbares;
unheil;
unheilvoll;
unheilvollem;
unkalkulierbar;
unkalkulierbaren;
unklug;
unkluge;
unkluger;
unkonkurrenzfaehig;
unkonkurrenzfaehigen;
unkonkurrenzfaehiger;
unkontrollierbar;
unkontrollierbare;
unkontrolliert;
unkorrigieren;
unkorrigiert;
unkorrigierten;
unlesbar;
unlesbare;
unlesbarem;
unlesbaren;
unlesbarer;
unlesbares;
unleserlich;
unlieb;
unliebe;
unliebem;
unlieben;
unlieber;
unliebes;
unliebsam;
unliebsamem;
unlizensieren;
unlizensiern;
unlizensiert;
unlizensierten;
unlizensierter;
unlizensiertes;
unloesbar;
unloesbare;
unloesbarem;
unloesbaren;
unloesbares;
unmaessig;
unmoeglich;
unmoegliche;
unmoeglichkeit;
unmoralisch;
unnoetig;
unnoetigen;
unnoetigerweis;
unnotwendigerweis;
unnuetz;
unnuetze;
unnuetzes;
unoekonomisch;
unoekonomischer;
unordentlich;
unpaesslich;
unpaesslichen;
unpassend;
unpopula;
unpopulaer;
unpopulaeren;
unpopulaeres;
unpraktikabel;
unpraktikabele;
unpraktikabeler;
unpraktikabl;
unpraktikable;
unpraktikablen;
unpraktikabler;
unpraktisch;
unproduktiv;
unproduktivem;
unprofitabel;
unprofitabl;
unprofitable;
unprofitablen;
unqualifizieren;
unqualifiziert;
unratsam;
unratsame;
unratsamem;
unratsames;
unratsamkeit;
unrealistisch;
unrechtmaessig;
unredlich;
unredlichkeit;
unregelmaessig;
unreif;
unreifem;
unreifes;
unrentabel;
unrentabilitaet;
unrentabl;
unrentable;
unrentables;
unrichtig;
unrichtige;
unrichtiges;
unrichtigkeit;
unruhe;
unsachgemaess;
unsachgemaesse;
unsachgemaessem;
unsachgemaessen;
unsachgemaesses;
unsanft;
unsanfte;
unsanfter;
unschoen;
unschoenem;
unschoenes;
unsinnig;
unsitn;
unsitte;
unsittlich;
unsolid;
unsolide;
unsolidem;
unstabiel;
unstabil;
unstabiles;
unstatthaft;
unstatthafte;
unstatthafter;
unsten;
unstet;
unsteter;
unstimmig;
unstimmige;
unstimmigkeit;
untaetig;
untaetigen;
untaetiger;
untaetiges;
untaetigkeit;
untat;
untauglich;
untauglichkeit;
unterbewert;
unterbewerten;
unterbewertet;
unterbewertetes;
unterbewertung;
unterbezahlen;
unterbezahln;
unterbezahlt;
unterbezahlung;
unterbrechen;
unterbrechend;
unterbrechenden;
unterbrechung;
unterbrochen;
unterbrochenes;
unterdeckung;
unterdeckungen;
unterdurchschnittlich;
unterelgen;
untererfassung;
unterfinanzieren;
unterfinanziert;
unterfinanziertes;
untergraben;
untergrabend;
untergrabendem;
untergrabendes;
untergrabene;
untergrabenen;
untergraeben;
untergrub;
unterhoehlen;
unterhoehlener;
unterkapitalisieren;
unterkapitalisiert;
unterkapitalisiertem;
unterkapitalisierten;
unterlassung;
unterlassungsurteil;
unterlassungsurteile;
unterlegen;
unterlegenem;
unterlegenes;
unterminieren;
unterminierend;
unterminierendem;
unterminierenden;
unterminierender;
unterminierendes;
unterminiert;
unterminiertem;
unterproduktion;
untersagen;
untersagend;
untersagende;
untersagenden;
untersagt;
untersagter;
untersagung;
unterschaetz;
unterschaetze;
unterschaetzen;
unterschaetzend;
unterschaetzende;
unterschaetzn;
unterschaetzt;
unterschaetztem;
unterschaetzter;
unterschaetztes;
unterschaetzung;
unterschlaegt;
unterschlag;
unterschlage;
unterschlagen;
unterschlagend;
unterschlagenem;
unterschlagener;
unterschlagenes;
unterschlagung;
unterstellung;
unterstellungen;
unterversicheren;
unterversichert;
unterversichertem;
unterversicherten;
unterversicherter;
unterversichertes;
unterwerfen;
unterwerfend;
unterwerfende;
unterwerfendem;
unterwerfenden;
unterwerfendes;
unterwerfung;
unterworfen;
unterworfenen;
unterworfener;
unterworfenes;
untragbar;
untragbarem;
untragbares;
untuechtigkeit;
unueberbrueckbar;
unueberbrueckbarem;
unueberbrueckbares;
unueberlegen;
unueberlegt;
unueberlegtes;
unueblich;
unuebliche;
unumgaenglich;
unumgaenglichen;
unumkehrbar;
unveraeusserlich;
unverantwortlich;
unverbessern;
unverbessert;
unverbuergen;
unverbuergt;
unverbuergtem;
unverbuergten;
unverbuergtes;
unverdienn;
unverdient;
unvereinbar;
unvereinbarem;
unvereinbarkeit;
unverfuegbar;
unverfuegbare;
unverfuegbarem;
unverfuegbaren;
unverfuegbares;
unverfuegbarkeit;
unverhaeltnismaessig;
unverhohel;
unverhohlen;
unverhohlenen;
unverhohlenes;
unverkaeuflich;
unverkaufbar;
unverkaufbaren;
unverkauft;
unverkaufte;
unvermeidbar;
unvermeidbarem;
unvermeidbarer;
unvermeidbares;
unvermeidlich;
unvermittelt;
unvermittelter;
unvermitteltes;
unvermoeg;
unvermuten;
unvermutet;
unvermutetem;
unvernuenftig;
unvernunft;
unverschaemt;
unversehens;
unversichert;
unversichertes;
unversoehnlich;
unverstanden;
unverstandenem;
unverstandenes;
unvertraeglich;
unvertraegliche;
unvertraeglichen;
unvertraeglichkeit;
unvertretbar;
unvertretbaren;
unvollendet;
unvollkommen;
unvollkommenheien;
unvollkommenheit;
unvollstaendig;
unvollstaendiger;
unvollstaendigkeit;
unvoraussagbar;
unvoraussagbaren;
unvoraussagbarer;
unvoraussagbares;
unvorgeseh;
unvorgesehen;
unvorgesehenen;
unvorhergesehen;
unvorhergesehenem;
unvorhersagbar;
unvorhersagbarem;
unvorhersagbaren;
unvorhersagbarer;
unvorhersagbares;
unvorhersehbar;
unvorhersehbarem;
unvorhersehbares;
unvorhersehbarkeit;
unvorschriftsgemaess;
unvorschriftsmaessig;
unvorschriftsmaessige;
unvorsichtig;
unvorsichtiges;
unvorsichtigkeit;
unvorteilhaft;
unvorteilhaften;
unvorteilhafter;
unvorteilhaftigkeit;
unwahr;
unwahrem;
unwahrheit;
unweigerlich;
unwesen;
unwiderruflich;
unwiederbringlich;
unwiederbringliche;
unwill;
unwillentlich;
unwillig;
unwillkommen;
unwillkommener;
unwirksam;
unwirksamem;
unwirtschaftlich;
unwirtschaftlichkeit;
unwissend;
unwissendes;
unwissenheit;
unwissentlich;
unwissentliche;
unwissentlichem;
unwuerdig;
unwuerdiger;
unzaehlbar;
unzaehlbarem;
unzaehlbares;
unzeit;
unzeitgemaess;
unzeitgemaesse;
unzeitgemaessem;
unzeitgemaesser;
unzeitgemaesses;
unzufrieden;
unzufriedenes;
unzufriedenheit;
unzufriedenstell;
unzufriedenstellen;
unzufriedenstellene;
unzufriedenstellenen;
unzufriedenstellenes;
unzugaenglich;
unzugaenglichen;
unzugaenglicher;
unzulaenglich;
unzulaenglichen;
unzulaenglichkeit;
unzulaessig;
unzulaessigerweise;
unzumutbar;
unzumutbarem;
unzumutbares;
unzureichend;
unzustaendig;
unzustaendiger;
unzustellbar;
unzustellbarem;
unzustellbaren;
unzustellbarer;
unzutreffend;
unzutreffende;
unzutreffendem;
unzuverlaessig;
unzweckmaessig;
unzweckmaessigen;
unzweckmaessiger;
unzweckmaessigkeit;
urkundenfaelschung;
urteil;
urteilsspruch;
urteilsspruech;
usurpieren;
vandalismus;
veraergeren;
veraergert;
veraergerten;
veraergertes;
veralten;
veraltet;
verbauen;
verbauend;
verbauende;
verbauendem;
verbaut;
verbieten;
verbietend;
verbietende;
verbot;
verboten;
verbotenerweise;
verbrannn;
verbrannt;
verbrechen;
verbrecherisch;
verbrennen;
verdacht;
verdaechtig;
verdaechtigen;
verdaechtigt;
verdaechtigter;
verdarben;
verdecken;
verdeckn;
verdeckt;
verderb;
verderben;
verderbend;
verderbendem;
verderbenden;
verdorben;
verdraeng;
verdraengen;
verdraengend;
verdraengendem;
verdraengender;
verdraengn;
verdraengt;
verdraengtem;
verdraengung;
verdraengungen;
verdrehe;
verdrehen;
verdrehend;
verdrehendem;
verdrehn;
verdreht;
verdrehung;
verduester;
verduesteren;
verduesternd;
verduesternden;
verduesternder;
verduestert;
verduesterter;
verfaellt;
verfaelsch;
verfaelschen;
verfaelschend;
verfaelschenden;
verfaelscht;
verfaelschte;
verfaelschtem;
verfaelschtes;
verfaelschung;
verfall;
verfallen;
verfallend;
verfallendem;
verfallender;
verfallendes;
verfallenen;
verfehlen;
verfehlt;
verfehltes;
verfehlung;
verfehlungen;
verfiel;
verfolgung;
verfruehen;
verfrueht;
verfruehte;
verfuegung;
verfuehr;
verfuehren;
vergeblich;
vergehen;
vergelt;
vergelten;
vergeltend;
vergeltendem;
vergeltung;
vergeltungsmassnahme;
vergeltungsmassnahmen;
vergeuden;
vergeudet;
vergeudetem;
vergeudeter;
vergilen;
vergolen;
vergolten;
vergoltenem;
vergoltener;
verhaeltniswidrig;
verhaeltniswidriger;
verhaengnis;
verhaengnisse;
verhaengnisvoll;
verhaengnisvolle;
verhafte;
verhafteen;
verhaften;
verhaftet;
verhaftetem;
verhafteter;
verhaftung;
verharren;
verhe;
verheeren;
verheerend;
verheerendem;
verheern;
verheert;
verheerter;
verheerung;
verheimlichen;
verheimlichend;
verheimlichenden;
verheimlichn;
verheimlicht;
verheimlichtes;
verhinder;
verhindern;
verhindernd;
verhinderndem;
verhindert;
verhindertem;
verhoehn;
verhoehnen;
verhoehnend;
verhoehnende;
verhoehnendem;
verhoehnender;
verhoehnendes;
verhoehnt;
verhoehnter;
verhuetung;
verjaehren;
verjaehrend;
verjaehrendem;
verjaehrt;
verjaehrten;
verjaehrter;
verkalkulieren;
verkalkulierend;
verkalkuliert;
verkalkulierten;
verkannen;
verkannn;
verkannt;
verkanntem;
verkannter;
verkehren;
verkehrt;
verkennen;
verkennend;
verkennende;
verkennendem;
verkennung;
verklagbar;
verklagbare;
verklagbarem;
verklagbaren;
verklagbares;
verklage;
verklagen;
verklagend;
verklagende;
verklagendem;
verklagenden;
verklagender;
verklagendes;
verklagn;
verklagt;
verklagtem;
verklagtes;
verklein;
verkleineren;
verkleinern;
verkleinernd;
verkleinerndem;
verkleinernder;
verkleinerndes;
verkleinert;
verkleinerten;
verkleinerung;
verkleinerungen;
verklemmen;
verklemmt;
verklemmtes;
verkomplizierend;
verkomplizierendem;
verkomplizierendes;
verkrampfen;
verkrampft;
verkrampftes;
verlachen;
verlachend;
verlachende;
verlachendem;
verlachender;
verlacht;
verlachtem;
verlachten;
verlagerung;
verlangsamen;
verlangsamend;
verlangsamendem;
verlangsamendes;
verlangsamn;
verlangsamt;
verlangsamtem;
verlangsamung;
verlassend;
verlassendem;
verlassenden;
verlegen;
verlegenheit;
verlegt;
verleiten;
verleitet;
verleiteter;
verleitetes;
verletzen;
verletzend;
verletzende;
verletzendem;
verletzer;
verletzlich;
verletzliches;
verletzlichkeien;
verletzlichkeit;
verletzt;
verletzung;
verleugnung;
verleumden;
verleumdend;
verleumdende;
verleumdenden;
verleumderisch;
verleumdet;
verleumdung;
verleumdungen;
verlieren;
verlierend;
verlierendem;
verlierendes;
verlogen;
verlogenem;
verlogenheit;
verloren;
verlorengegangen;
verlorengegangener;
verlorengehen;
verltenden;
verlust;
verlustes;
verlusthoehe;
verlustpotenzial;
verlustquot;
verlustrisik;
verlustrisiko;
vermeiden;
vermeidend;
vermeidender;
vermeidung;
vermeintlich;
vermieden;
vermiedenem;
vermind;
verminderen;
vermindern;
vermindernd;
verminderndem;
vermindert;
verminderung;
verminderungen;
vermissen;
vermisst;
vermisstem;
vermittelnd;
vermittelndem;
vermoegensschad;
vermoegensschaed;
vermuten;
vermutet;
vermutung;
vernachlaessig;
vernachlaessigen;
vernachlaessigend;
vernachlaessigendem;
vernachlaessigenden;
vernachlaessigendes;
vernachlaessigt;
vernachlaessigung;
vernehmung;
verneinen;
verneinend;
verneinendem;
verneinenden;
verneinendes;
verneint;
verneinter;
verneintes;
verneinung;
verneinungen;
vernichen;
vernichten;
vernichtend;
vernichtendem;
vernichtetem;
vernichteter;
vernichtetes;
vernichtung;
vernunftlos;
vernunftlose;
vernunftlosem;
vernunftloser;
verpassen;
verpassend;
verpassendem;
verpassenden;
verpassendes;
verpasst;
verpasstem;
verpflichtung;
verraeterisch;
verrechnen;
verrechnend;
verrechnet;
verrechnetem;
verrufen;
versaeum;
versaeume;
versaeumen;
versaeumnis;
versaeumnisse;
versaeumt;
versaeumten;
versagen;
versagend;
versagt;
versagtes;
versaueren;
versauern;
versauernd;
versauert;
versauerter;
verschaerfen;
verschaerfend;
verschaerfende;
verschaerft;
verschaerfte;
verschaerftem;
verschaerfter;
verschaerfung;
verschaerfungen;
verschieben;
verschiebend;
verschiebendem;
verschiebender;
verschiebung;
verschlechteren;
verschlechtern;
verschlechternd;
verschlechternder;
verschlechtert;
verschlechtertem;
verschlechtertes;
verschlechterung;
verschleppen;
verschleppt;
verschlepptes;
verschleppung;
verschlimmere;
verschlimmeren;
verschlimmern;
verschlimmernd;
verschlimmerndem;
verschlimmert;
verschlimmerter;
verschlimmerung;
verschlimmerunge;
verschluss;
verschoben;
verschobenem;
verschulden;
verschweigen;
verschweigend;
verschweigende;
verschweigendem;
verschweigenden;
verschweigender;
verschwenden;
verschwendend;
verschwendende;
verschwendenden;
verschwendendes;
verschwenderisch;
verschwenderisches;
verschwendet;
verschwendeter;
verschwiegenheit;
verschwinde;
verschwinden;
verschwindend;
verschwindendem;
verschwindendes;
verschwoer;
verschwoere;
verschwoeren;
verschwoerend;
verschwoerendem;
verschwoerenden;
verschwoererisch;
verschwoererische;
verschwoererischer;
verschwoern;
verschwoerung;
verschwoerungen;
verschwor;
verschworen;
verschworenem;
verschworenes;
verschwunden;
verschwundenem;
versehen;
versehentlich;
versehr;
versehren;
versehrt;
versehrter;
versehrtes;
versetzen;
versetzend;
versetzendem;
versetzenden;
versetzn;
versetzt;
versetzung;
verspaen;
verspaet;
verspaeten;
verspaetend;
verspaetendem;
verspaetenden;
verspaetender;
verspaetet;
verspaeteter;
verspaetung;
versperre;
versperren;
versperrend;
versperrende;
versperrendem;
versperrender;
versperrn;
versperrt;
versperrtes;
verspiele;
verspielen;
verspielend;
verspielendem;
verspielender;
verspoten;
verspotten;
verspottend;
verspottendem;
verspottetem;
verspotteter;
verspottetes;
verstiess;
verstiessen;
verstoesse;
verstoesst;
verstoss;
verstossen;
verstossend;
verstossendes;
verstossene;
verstossener;
verstossenes;
verstossung;
vertage;
vertagen;
vertagend;
vertagendem;
vertagenden;
vertagender;
vertagtem;
vertagter;
vertagtes;
vertagung;
verteidigen;
verteidigend;
verteidigendem;
verteidigendes;
verteidiger;
verteidigt;
verteidigtem;
vertragsstrafe;
vertragsstrafen;
vertreibung;
vertretbar;
verueb;
verueben;
veruebend;
veruebende;
veruebendem;
veruebenden;
veruebt;
veruebtem;
veruebter;
veruebtes;
veruebung;
verunglimpfe;
verunglimpfen;
verunglimpfend;
verunglimpfendem;
verunglimpfenden;
verunglimpft;
verunglimpfter;
verunglimpfung;
verunsichern;
verunsichert;
verunsicherung;
veruntreu;
veruntreuen;
veruntreuend;
veruntreuende;
veruntreuendem;
veruntreuenden;
veruntreuender;
veruntreuer;
veruntreut;
veruntreuung;
verurteilen;
verurteilend;
verurteilende;
verurteilendem;
verurteilenden;
verurteilender;
verurteilt;
verurteilung;
verurteilunge;
verwehren;
verwehrend;
verwehrendem;
verwehrenden;
verwehrn;
verwehrt;
verwehrter;
verwehrung;
verweiger;
verweigern;
verweigernd;
verweigerndem;
verweigert;
verweigerung;
verwerfen;
verwerfend;
verwerfendem;
verwerfender;
verwerflich;
verwickeln;
verwickelt;
verwickeltem;
verwirk;
verwirken;
verwirkend;
verwirkendem;
verwirkenden;
verwirkender;
verwirkendes;
verwirkt;
verwirktem;
verwirkung;
verwirren;
verwirrend;
verwirrendem;
verwirrn;
verwirrt;
verwirrung;
verworfen;
verworfenem;
verworfener;
verworfenes;
verworren;
verworrenem;
verwuesn;
verwueste;
verwuesten;
verwuestend;
verwuestende;
verwuestendem;
verwuestenden;
verwuestet;
verwuestetes;
verwuestung;
verwundbar;
verwundbarem;
verwundbares;
verzerren;
verzerrend;
verzerrendem;
verzerrt;
verzerrung;
verzerrungen;
verzicht;
verzichten;
verzichtend;
verzoeg;
verzoegeren;
verzoegern;
verzoegernd;
verzoegerndem;
verzoegernden;
verzoegerte;
verzoegertem;
verzoegerten;
verzoegerter;
verzoegertes;
verzoegerung;
verzoegerungen;
volatil;
volatilem;
volatilitaet;
vollstrecken;
vollstreckend;
vollstreckt;
vollstrecktem;
vollstreckter;
vollstreckung;
vollstreckungen;
vorbeugen;
vorbeugung;
voreilig;
voreiliger;
voreingenommen;
voreingenommenem;
voreingenommener;
voreingenommenes;
voreingenommenheit;
vorgeblich;
vorgeladen;
vorgeladenem;
vorgeladenen;
vorgeladenes;
vorkommnis;
vorkommnisse;
vorladen;
vorladend;
vorladung;
vorladungen;
vorrangig;
vorrangigem;
vorsaetzleichen;
vorsaetzlich;
vorsatz;
vorschnell;
vorschnellem;
vorschnellen;
vorschneller;
vorsicht;
vorsichtig;
vorurteil;
vorverhandlung;
vorverurteilen;
vorverurteiln;
vorverurteilt;
vorverurteiltem;
vorverurteiltes;
vorwerfen;
vorwuerfe;
vorwurf;
vorzeitig;
waehrungsverlu;
waehrungsverlust;
wagen;
wagnis;
wahrheitswidrig;
wahrheitswidriger;
wankend;
wankendem;
wankender;
warnen;
warnend;
warnendem;
warnenden;
warnung;
wechselhaft;
weggelassene;
weggelassenem;
weggelassenen;
weggelassener;
weglaesst;
weglassen;
weglassend;
weglassendem;
weglassendes;
weglassung;
wehrlos;
wehrlosem;
wehrloses;
weigern;
weigernd;
weigerndem;
weigernden;
weigerung;
weltwirtschaftskris;
weltwirtschaftskrisen;
wertberichtigung;
wertloes;
wertlos;
wertlosem;
wertmind;
wertminderung;
wertminderungsaufwand;
wertminderungsaufwands;
wertminderungsaufwendung;
wertminderungsrisiko;
wertminderungsverlu;
wertminderungsverlust;
wertminderungsverlusts;
wettbewerbseinschraenkend;
wettbewerbseinschraenkendem;
wettbewerbseinschraenkenden;
wettbewerbseinschraenkender;
wettbewerbsfeindlich;
wettbewerbshemmend;
wettbewerbshemmendem;
wettbewerbshemmenden;
wettbewerbshemmender;
wettbewerbshemmendes;
wettbewerbsschaedigend;
wettbewerbsschaedigende;
wettbewerbsschaedigendem;
wettbewerbsschaedigender;
wettbewerbsunfaehig;
wettbewerbsunfaehiger;
wettbewerbswidrig;
wettbewerbswidriger;
wider;
widerhandlung;
widerhandlungen;
widerruf;
widerrufen;
widerrufend;
widerrufendem;
widerrufenden;
widerrufender;
widerrufendes;
widerrufene;
widerrufenen;
widerrufener;
widersprechen;
widersprechend;
widersprechendem;
widersprochen;
widersprochene;
widersprochenem;
widersprochenen;
widersprochener;
widerspruch;
widerspruech;
widerspruechlich;
widerspruechlichen;
widerspruechlicher;
widerspruechliches;
widerspruechlichkeit;
widerstaend;
widerstand;
widerstreben;
widerstreit;
widerwille;
widerwillen;
widerwillig;
widerwilligen;
widerwilliger;
widerwilligkeit;
wiederverhandlung;
willkuerlich;
willkuerlichen;
wirklichkeitsfremd;
wirklichkeitsfremde;
wirklichkeitsfremdem;
wirkungslos;
wirkungsloser;
wirkungsloses;
wirkungslosigkeit;
wirtschaftkris;
wirtschaftkrise;
wirtschaftskrise;
wissentlich;
wissentlichen;
wucher;
wucherhaft;
wucherhafte;
wucherhafter;
wucherisch;
wucherischen;
wucherischer;
wucherisches;
wuest;
wueste;
wuesten;
wuester;
wuestes;
zahlungsfaehigkeien;
zahlungsunfaehig;
zahlungsunfaehigen;
zahlungsunfaehiger;
zahlungsunfaehigkeit;
zahlungsunfaehigkeiten;
zahlungsverzuege;
zahlungsverzug;
zeitweilig;
zensi;
zensieren;
zensierend;
zensierendem;
zensierenden;
zensierender;
zensiern;
zensiertem;
zensierter;
zensur;
zensuren;
zerfresse;
zerfressen;
zerfressend;
zerfressende;
zerfressenden;
zerfressenem;
zerfressener;
zerfressenes;
zerfrissen;
zerrueten;
zerruetten;
zerruettend;
zerruettendem;
zerruettenden;
zerruettet;
zerruettetem;
zerruetteter;
zerruettung;
zersetze;
zersetzen;
zersetzend;
zersetzendem;
zersetzender;
zersetzt;
zersetztem;
zersetzter;
zersetzung;
zerstoer;
zerstoeren;
zerstoerend;
zerstoerende;
zerstoerendem;
zerstoern;
zerstoert;
zerstoerte;
zerstoerung;
zerstoerungslust;
zerstoerungswut;
zertrenn;
zertrennt;
zertrennte;
zertrennter;
zerueten;
zeruette;
zeruettet;
zerwuerfnis;
zerwuerfnisse;
ziellos;
ziellose;
ziellosem;
zielloser;
zinswuch;
zoeger;
zoegeren;
zoegern;
zoegernd;
zoegerndem;
zoern;
zugespitzt;
zumuellen;
zunichtemachen;
zunichtemachend;
zunichtemachende;
zunichtemachendem;
zurueckbleiben;
zurueckbleibend;
zurueckbleibende;
zurueckbleibenden;
zurueckgebliebe;
zurueckgeblieben;
zurueckgebliebener;
zurueckgebliebenes;
zurueckgestuft;
zurueckgestufte;
zurueckgestuftem;
zurueckgestuften;
zurueckgestuftes;
zurueckgetreten;
zurueckgetretenem;
zurueckgetretener;
zurueckgewies;
zurueckgewiesen;
zurueckgewiesene;
zurueckgewiesenen;
zurueckhaltend;
zurueckhaltende;
zurueckhaltendem;
zurueckhaltenden;
zurueckhaltung;
zurueckstuf;
zurueckstufend;
zurueckstufenden;
zurueckstufender;
zurueckstuft;
zurueckstufung;
zuruecktreten;
zuruecktretend;
zuruecktretender;
zurueckweis;
zurueckweisend;
zurueckweisende;
zurueckweisendem;
zurueckweisenden;
zurueckweisender;
zurueckweisendes;
zurueckweist;
zurueckweisung;
zusammenbrach;
zusammenbracher;
zusammenbrechen;
zusammenbrechend;
zusammenbrechende;
zusammenbrechendem;
zusammenbrechendes;
zusammenbrichen;
zusammenbruch;
zusammenbruech;
zusammengebrochen;
zusammengebrochene;
zusammengebrochenem;
zusammengebrochener;
zusammenstoesse;
zusammenstoss;
zuspitzen;
zuspitzend;
zuspitzendem;
zuspitzender;
zuwiderhandlung;
zwaenge;
zwangsgeraeumen;
zwangsgeraeumt;
zwangsgeraeumtem;
zwangsgeraeumten;
zwangsgeraeumter;
zwangsgeraeumtes;
zwangslaeufig;
zwangsraeume;
zwangsraeumend;
zwangsraeumende;
zwangsraeumendem;
zwangsraeumt;
zwangsraeumung;
zwangsraeumungen;
zwangsvollstreck;
zwangsvollstrecken;
zwangsvollstreckend;
zwangsvollstreckendem;
zwangsvollstreckenden;
zwangsvollstreckt;
zwangsvollstrecktes;
zwangsvollstreckung;
zwangsvorgeladen;
zwangsvorgeladene;
zwangsvorgeladenem;
zwangsvorgeladener;
zwangsvorgeladenes;
zwangsvorladung;
zwangsvorladungen;
zweckentfremd;
zweckentfremdeen;
zweckentfremdend;
zweckentfremdendem;
zweckentfremdenden;
zweckentfremdender;
zweckentfremdendes;
zweckentfremdet;
zweckentfremdetem;
zweckwidrig;
zweckwidrigen;
zweifel;
zweifelhaft;
zweifeln;
zwingen;
zwingend;
zwingendem;
zwischenfaell;
zwischenfall;
